sample_index,flight_id,p_hat,y_true,d_truth_to_center_m,mean_sample_to_center_m,bin_id_equal_width,bin_id_equal_count
23218,24/08/19_TVS6N7_5532,0.1875,0.0,126.90177917480469,118.48644256591797,1,3
20731,24/05/20_JAF745_2134,0.0,1.0,15.508062362670898,199.42388916015625,0,0
39555,24/08/16_VLG5WE_575,0.0,0.0,329.8102722167969,455.664794921875,0,0
147506,24/06/24_NJE384F_5686,0.25,0.0,51.60002517700195,148.64541625976562,2,4
314215,24/12/17_EZY45DM_2143,0.1875,0.0,103.32745361328125,178.5701904296875,1,3
190913,24/04/29_TAP557H_4835,0.34375,1.0,13.937920570373535,116.87239074707031,3,6
296715,24/11/21_DFRRR_1685,0.1875,0.0,118.25456237792969,275.5160217285156,1,3
141482,24/10/24_DLH95T_2178,0.375,1.0,30.557579040527344,69.09226989746094,3,7
49119,24/06/06_VLG45FT_617,0.15625,0.0,69.3000717163086,182.68600463867188,1,2
208005,24/06/08_GAC265E_3818,0.0,0.0,220.15463256835938,403.716064453125,0,0
357337,24/07/24_AUA47B_4564,0.3125,1.0,42.75018310546875,200.112060546875,3,6
391118,24/07/28_N155RW_8801,0.3125,0.0,70.24210357666016,143.77685546875,3,6
358922,24/02/17_RYR5477_5599,0.34375,1.0,6.72681188583374,99.38679504394531,3,6
114136,24/09/10_EJU71TQ_4027,0.0,0.0,510.3612976074219,236.17247009277344,0,0
65706,24/01/30_DLH1843_1459,0.0,0.0,131.45704650878906,276.04852294921875,0,0
363838,24/02/16_ITL201_198,0.5,1.0,20.676450729370117,62.911109924316406,5,8
28871,24/06/09_EZY47CV_3099,0.0,0.0,64.86825561523438,396.5137939453125,0,0
224830,24/05/25_CTN52R_7720,0.375,1.0,41.10523986816406,96.97030639648438,3,7
99085,24/03/30_ITY149_4983,0.1875,0.0,351.5640869140625,172.518798828125,1,3
257076,24/08/29_BAW53YR_3638,0.28125,1.0,22.530881881713867,101.03195190429688,2,5
226523,24/05/13_VLG69UM_8874,0.4375,0.0,161.27944946289062,85.34581756591797,4,8
381071,24/10/31_EXS78NL_2406,0.46875,1.0,9.414085388183594,65.37091064453125,4,8
202954,24/10/20_RYR6RN_10827,0.03125,0.0,2085.31298828125,438.80859375,0,1
370109,24/07/24_AFR71JB_1392,0.0,0.0,104.85525512695312,246.0544891357422,0,0
317625,24/09/18_MBU6584_9239,0.1875,1.0,6.833968639373779,149.08889770507812,1,3
189980,24/06/18_BEL3UB_4685,0.125,0.0,213.2666015625,158.6376953125,1,2
346725,24/01/07_EDW84_3701,0.03125,0.0,67.12348937988281,159.36798095703125,0,1
215008,24/09/18_AFR56VV_1574,0.3125,1.0,38.0963020324707,117.37098693847656,3,6
358313,24/09/13_EJU48KY_4088,0.34375,1.0,4.881405830383301,87.74729919433594,3,6
100074,24/10/24_RYR99DJ_7929,0.375,1.0,38.694313049316406,82.29754638671875,3,7
66465,24/05/27_ELG52T_2836,0.46875,1.0,13.48900032043457,81.37655639648438,4,8
359345,24/06/19_LOT4YJ_5440,0.375,1.0,30.156105041503906,118.96745300292969,3,7
327506,24/08/19_EDW439_6082,0.0,0.0,567.1995849609375,663.4947509765625,0,0
143393,24/09/19_ITY159_8011,0.28125,1.0,12.186698913574219,91.1204605102539,2,5
10817,24/06/30_RYR2438_7013,0.1875,0.0,99.02217102050781,119.2332534790039,1,3
252178,24/06/22_AEA1518_800,0.25,1.0,30.888914108276367,113.7821273803711,2,4
384627,24/05/05_EJU3859_3559,0.3125,0.0,81.09147644042969,91.70591735839844,3,6
387512,24/02/16_RYR95JU_5009,0.46875,1.0,40.4870719909668,99.28843688964844,4,8
366149,24/08/08_IBE32FF_869,0.28125,1.0,9.612004280090332,75.856201171875,2,5
12872,24/01/30_MEA212_5233,0.40625,1.0,47.374176025390625,108.3971176147461,4,7
119488,24/05/13_AFR98HR_1566,0.34375,1.0,24.724735260009766,93.35955810546875,3,6
347998,24/03/31_AFR23HH_833,0.28125,1.0,29.633174896240234,103.91413116455078,2,5
15506,24/08/23_EVA088_10243,0.125,1.0,19.951894760131836,144.9434356689453,1,2
131539,24/09/30_RYR4VE_8427,0.34375,0.0,56.10551071166992,75.72789764404297,3,6
65757,24/05/09_SWR9EK_8549,0.28125,0.0,97.13135528564453,194.5340118408203,2,5
211905,24/08/29_ABR8XP_8372,0.21875,1.0,34.37590789794922,151.88714599609375,2,4
112108,24/05/27_EXS57G_3329,0.1875,1.0,42.85002899169922,206.04476928710938,1,3
209782,24/09/23_AFR48HU_1589,0.5,0.0,158.0381622314453,68.6025161743164,5,8
154749,24/06/18_DLH32A_2406,0.46875,0.0,81.70880126953125,108.94027709960938,4,8
290452,24/05/27_VJT423_8662,0.0,0.0,109.77279663085938,282.0643615722656,0,0
68724,24/08/30_DLH44E_2692,0.0,0.0,197.58541870117188,818.2060546875,0,0
141498,24/04/04_EZS84ZD_4610,0.0,0.0,78.0196304321289,389.975341796875,0,0
295068,24/06/06_EJU89KF_4287,0.0,0.0,159.2655487060547,448.8265075683594,0,0
34840,24/09/10_ITL201_271,0.34375,1.0,29.766801834106445,80.44679260253906,3,6
137645,24/05/23_RYR86MJ_8217,0.40625,1.0,24.82343864440918,65.8611831665039,4,7
124552,24/05/27_AFR27VR_992,0.1875,1.0,40.6724739074707,118.56443786621094,1,3
72935,24/02/04_RYR66UL_4513,0.40625,1.0,48.065059661865234,95.26342010498047,4,7
61983,24/08/08_NJE309H_5648,0.1875,0.0,65.23479461669922,202.7421875,1,3
73698,24/09/21_DLH53F_2063,0.21875,0.0,773.6343383789062,208.2473907470703,2,4
308783,24/10/18_THY70V_8288,0.34375,0.0,56.30552673339844,122.21450805664062,3,6
272347,24/05/27_RYR4KP_7067,0.125,0.0,316.6957702636719,136.53067016601562,1,2
246477,24/08/29_EWG8DM_2265,0.34375,1.0,39.98300552368164,157.31851196289062,3,6
49012,24/08/13_PGT950_6787,0.03125,0.0,71.87804412841797,214.4359893798828,0,1
5789,24/10/18_LBT508_126,0.03125,0.0,215.30239868164062,410.1285095214844,0,1
70967,24/04/29_CFG2YX_1957,0.34375,0.0,129.01992797851562,102.83219909667969,3,6
153938,24/03/06_AUA576S_2105,0.15625,0.0,159.66390991210938,268.32550048828125,1,2
62414,24/11/25_THY2PY_4767,0.15625,0.0,82.71373748779297,148.92713928222656,1,2
393318,24/03/30_DLH73Y_1219,0.03125,0.0,1568.48193359375,218.85693359375,0,1
380078,24/09/13_TAP935_5479,0.0625,0.0,179.20745849609375,215.5455780029297,0,1
111220,24/07/29_TUI1EB_2603,0.0,0.0,126.23094177246094,291.4835205078125,0,0
71917,24/10/20_EWG5E_2927,0.1875,1.0,43.820655822753906,179.34365844726562,1,3
305832,24/06/18_IBE3475_622,0.25,0.0,136.1768798828125,132.66932678222656,2,4
323107,24/10/24_AFR75SG_1118,0.1875,0.0,149.30218505859375,189.65672302246094,1,3
168838,24/12/17_SWR24C_3633,0.15625,0.0,136.8937225341797,170.31668090820312,1,2
352229,24/06/10_CFG2AE_2067,0.3125,0.0,93.80065155029297,96.81832885742188,3,6
179310,24/09/10_GSM07X_8832,0.03125,0.0,398.1488342285156,822.1612548828125,0,1
265501,24/08/23_EDW266N_6370,0.21875,0.0,206.1139373779297,96.8679428100586,2,4
120115,24/07/28_EJU72QE_4053,0.0,0.0,199.15838623046875,358.8061828613281,0,0
137242,24/12/21_TUI7LX_1771,0.0,0.0,283.9182434082031,340.81982421875,0,0
168255,24/09/23_EZY53XT_3343,0.28125,1.0,17.269916534423828,162.3437957763672,2,5
297387,24/05/31_DLA5LL_359,0.5,1.0,18.463224411010742,62.932525634765625,5,8
26378,24/03/31_RYR11PR_5528,0.15625,0.0,114.96765899658203,150.27828979492188,1,2
105171,24/06/24_DLH98P_2246,0.03125,0.0,523.3555297851562,442.72418212890625,0,1
72798,24/05/05_NOZ47E_4371,0.0625,0.0,341.0283203125,133.76438903808594,0,1
236909,24/12/20_BAW74E_3048,0.0,0.0,487.5174255371094,246.69601440429688,0,0
12581,24/03/31_MLH9905_5864,0.03125,0.0,206.30018615722656,334.81378173828125,0,1
271726,24/07/28_RYR9GU_7519,0.28125,0.0,181.6349334716797,170.32174682617188,2,5
193012,24/05/09_BCS729P_2245,0.5625,1.0,5.550900936126709,53.17491912841797,5,8
209080,24/04/08_EJU74BK_3403,0.21875,0.0,182.81480407714844,188.4311065673828,2,4
17732,24/06/30_CTN52R_8956,0.3125,1.0,18.03858757019043,90.08804321289062,3,6
99649,24/10/16_BAW47X_3241,0.28125,1.0,6.399462699890137,87.97901916503906,2,5
261507,24/08/13_DLH55U_2374,0.5,1.0,16.601957321166992,66.18202209472656,5,8
90866,24/06/09_RYR43BT_7635,0.375,1.0,18.38180160522461,78.1092529296875,3,7
63511,24/06/08_EWG2JH_7674,0.0,0.0,361.7044677734375,591.2127075195312,0,0
231710,24/08/08_WZZ9VN_9218,0.15625,0.0,136.875,156.9058380126953,1,2
3459,24/09/05_TOM70M_3190,0.1875,1.0,48.48517990112305,112.47492218017578,1,3
186689,24/07/29_UAL416_10156,0.1875,0.0,118.56465911865234,152.82223510742188,1,3
398163,24/03/30_SWR9WH_3741,0.0,0.0,641.944091796875,747.7108764648438,0,0
344196,24/05/27_OOGSP_4339,0.25,1.0,26.993343353271484,96.79082489013672,2,4
54451,24/12/24_VTTUS_4087,0.09375,0.0,342.9839782714844,269.9251708984375,0,2
56249,24/01/07_TAP823_3273,0.4375,0.0,166.71458435058594,100.47066497802734,4,8
30414,24/02/16_BAW63VP_2332,0.46875,1.0,28.55914878845215,61.011600494384766,4,8
127595,24/08/13_SWR2HE_5586,0.09375,0.0,85.34928131103516,175.15872192382812,0,2
363274,24/10/24_AFR652_986,0.1875,1.0,41.764217376708984,135.4327392578125,1,3
78631,24/09/30_TOM16M_3708,0.40625,0.0,107.79871368408203,80.5660400390625,4,7
140636,24/05/23_KLM53F_4743,0.0,0.0,265.3198547363281,459.3668212890625,0,0
236832,24/10/20_AFR35PY_2465,0.03125,0.0,145.4033203125,436.22772216796875,0,1
64863,24/05/27_SWR245T_5934,0.25,1.0,13.055769920349121,255.61721801757812,2,4
79421,24/09/05_AFR32AX_903,0.4375,1.0,44.74930191040039,72.57966613769531,4,8
307966,24/06/08_EWG2AN_1869,0.4375,1.0,15.57241153717041,92.75111389160156,4,8
178916,24/04/29_AUA4SB_3835,0.125,0.0,227.45799255371094,370.05499267578125,1,2
265006,24/04/04_BGA331H_1060,0.3125,1.0,43.317325592041016,109.75305938720703,3,6
220207,24/01/27_RYR629Z_5275,0.3125,1.0,16.017568588256836,107.98092651367188,3,6
113867,24/09/23_FJO54A_8193,0.28125,0.0,94.70282745361328,171.34539794921875,2,5
310823,24/05/20_EZY62AQ_775,0.21875,1.0,20.41790008544922,98.88003540039062,2,4
353726,24/07/28_EWG8MF_2049,0.34375,0.0,1079.9317626953125,150.44540405273438,3,6
273330,24/01/07_DLH04K_1449,0.4375,1.0,4.480862140655518,120.12033081054688,4,8
232314,24/08/08_TVF47WR_1758,0.34375,0.0,90.33799743652344,115.62569427490234,3,6
386352,24/03/31_CFG3KD_959,0.46875,1.0,17.783859252929688,105.3061752319336,4,8
321266,24/08/19_ITY214_487,0.3125,1.0,39.153743743896484,144.6748046875,3,6
124028,24/09/18_TRA32M_4971,0.1875,0.0,51.2597541809082,153.91014099121094,1,3
281022,24/10/10_RYR9429_6680,0.1875,0.0,108.26934051513672,160.4105224609375,1,3
267255,24/08/29_AFR76CQ_1396,0.40625,0.0,66.06294250488281,159.94622802734375,4,7
314420,24/08/30_AEE832_5254,0.125,0.0,65.77910614013672,147.1306610107422,1,2
175766,24/08/08_KLM63R_5288,0.09375,1.0,33.695556640625,211.21153259277344,0,2
340005,24/10/24_EZS43EU_5680,0.125,0.0,131.64755249023438,187.63938903808594,1,2
296589,24/12/24_ETD19G_4154,0.1875,0.0,180.94198608398438,140.04039001464844,1,3
227337,24/05/05_EZY14HC_2887,0.28125,0.0,66.09178924560547,170.6815185546875,2,5
102152,24/05/31_EJU34PY_4164,0.03125,0.0,175.5028533935547,367.9417724609375,0,1
64441,24/07/12_EJU64KW_4078,0.1875,0.0,463.9892883300781,213.81719970703125,1,3
318927,24/11/22_DLH34A_1859,0.40625,1.0,8.467769622802734,64.4366226196289,4,7
132620,24/09/23_RYR89BB_8123,0.09375,1.0,5.25,201.9855499267578,0,2
96753,24/05/08_TVF28FJ_1282,0.28125,1.0,41.389915466308594,115.03475189208984,2,5
74043,24/12/20_RYR44PL_7194,0.0625,1.0,33.88330078125,403.6844177246094,0,1
279827,24/06/30_LGL6995_7715,0.125,1.0,47.05448913574219,166.0813751220703,1,2
324297,24/08/23_SWR8CA_6383,0.21875,1.0,40.41116714477539,115.04934692382812,2,4
189443,24/09/23_DLH04E_2392,0.1875,0.0,116.72624206542969,197.20628356933594,1,3
53599,24/06/30_AFR218_1104,0.21875,1.0,11.9085054397583,124.97364807128906,2,4
69101,24/01/07_SWR2SD_3508,0.25,0.0,452.98046875,184.94180297851562,2,4
235682,24/10/24_TJT6615_1094,0.1875,1.0,26.601882934570312,232.2370147705078,1,3
286169,24/04/29_SEH5DH_4148,0.1875,0.0,119.12053680419922,128.46066284179688,1,3
65015,24/01/27_AFR282_968,0.3125,0.0,448.68212890625,217.05601501464844,3,6
27170,24/06/06_BCS7331_4442,0.375,1.0,29.086347579956055,164.135986328125,3,7
211695,24/09/19_OOMED_4688,0.0,0.0,108.19578552246094,237.33349609375,0,0
334526,24/01/30_DCHGS_1643,0.03125,0.0,85.11361694335938,188.3395538330078,0,1
128817,24/05/27_CCM67ME_1604,0.0625,1.0,35.7770881652832,196.57521057128906,0,1
385955,24/10/10_DLH23W_8518,0.1875,0.0,959.1311645507812,280.5492248535156,1,3
231472,24/04/29_AME0812_653,0.34375,0.0,60.27955627441406,122.57849884033203,3,6
326427,24/10/10_BAW623_3281,0.40625,1.0,45.62705612182617,123.48529815673828,4,7
395844,24/10/24_SWR5YV_5164,0.0,0.0,601.901611328125,691.6375122070312,0,0
385786,24/08/23_NSZ3751_6048,0.0,0.0,133.10763549804688,189.18370056152344,0,0
275197,24/08/29_GMDSE_4173,0.34375,0.0,151.72549438476562,116.40298461914062,3,6
160506,24/07/24_AFR49YX_1784,0.34375,1.0,36.49058151245117,109.7794189453125,3,6
88103,24/10/10_OCN312_2298,0.375,1.0,13.252358436584473,149.95657348632812,3,7
178087,24/11/21_AFR635_769,0.3125,1.0,9.545941352844238,103.09173583984375,3,6
269032,24/04/29_EZY94UZ_3211,0.28125,1.0,10.431323051452637,97.85970306396484,2,5
85297,24/02/04_DEFCH_1631,0.1875,1.0,46.525238037109375,133.58203125,1,3
119689,24/08/23_EZY96WP_3894,0.53125,1.0,19.76423454284668,59.688133239746094,5,8
280272,24/05/05_EWG6824_7101,0.4375,1.0,3.5,89.31953430175781,4,8
361761,24/07/12_MSR726_022,0.03125,0.0,121.27325439453125,245.56063842773438,0,1
330218,24/09/30_EZY91DY_3178,0.34375,1.0,15.49848747253418,124.65194702148438,3,6
82498,24/07/24_EXS58Y_3676,0.28125,1.0,27.697303771972656,116.15951538085938,2,5
122825,24/09/13_AFR73EL_1101,0.25,0.0,132.63954162597656,165.302978515625,2,4
203409,24/12/21_EZS71KY_4466,0.0,0.0,79.80757904052734,262.54815673828125,0,0
43733,24/02/17_NJE881P_3861,0.09375,0.0,257.1327819824219,542.5311279296875,0,2
275802,24/04/29_MAU15_160,0.25,1.0,21.504722595214844,133.80918884277344,2,4
325067,24/09/19_UAL385_9916,0.0,0.0,67.23094177246094,257.53253173828125,0,0
390584,24/02/14_AFR567_1024,0.40625,1.0,39.5798225402832,64.31318664550781,4,7
53986,24/06/30_EJU98AC_4111,0.28125,0.0,73.36637878417969,122.90526580810547,2,5
382641,24/10/18_ITY621_9131,0.28125,1.0,36.404842376708984,96.52285766601562,2,5
150533,24/08/29_SWR8WK_6364,0.0,0.0,144.67123413085938,321.08087158203125,0,0
373019,24/01/07_DLA99W_332,0.53125,1.0,37.59321594238281,53.856910705566406,5,8
220793,24/04/26_VCJ50M_7204,0.15625,0.0,140.6920928955078,116.54472351074219,1,2
323451,24/02/08_EWG72AE_5135,0.4375,0.0,106.80187225341797,74.76866149902344,4,8
190683,24/06/19_SWR456_6114,0.1875,0.0,83.73292541503906,141.312744140625,1,3
352098,24/07/10_EXS3EM_9322,0.09375,1.0,39.850502014160156,137.68905639648438,0,2
326150,24/06/22_OCN3FY_2089,0.28125,1.0,21.201784133911133,144.09161376953125,2,5
275015,24/03/06_UPS243_4813,0.40625,1.0,49.67708206176758,80.03080749511719,4,7
330006,24/09/30_RYR78EV_8242,0.03125,0.0,138.39300537109375,172.34156799316406,0,1
16589,24/06/10_CFG1CA_1768,0.09375,0.0,96.57356262207031,173.28500366210938,0,2
361940,24/02/16_RYR1CE_4729,0.15625,1.0,42.003719329833984,150.91873168945312,1,2
87812,24/04/04_EJU84YB_3271,0.28125,0.0,53.087928771972656,81.67550659179688,2,5
365888,24/12/20_EJU53EJ_3365,0.4375,1.0,49.62562942504883,73.63919067382812,4,8
375462,24/05/13_DLH57F_8864,0.0625,0.0,256.84539794921875,207.1507568359375,0,1
355151,24/06/19_OEEMA_4513,0.3125,0.0,140.4793701171875,184.22254943847656,3,6
199704,24/04/26_TVF57CL_1327,0.0,0.0,616.9446411132812,662.1015625,0,0
203496,24/07/29_LGL835_8372,0.28125,0.0,56.37486267089844,101.99148559570312,2,5
35426,24/02/04_AFR1766_720,0.21875,0.0,87.77501678466797,172.58938598632812,2,4
161817,24/12/21_EJU95XM_3413,0.28125,1.0,24.833507537841797,199.80245971679688,2,5
113621,24/08/08_OCN3FY_2345,0.5,1.0,30.690237045288086,70.12568664550781,5,8
354094,24/12/20_DLH1316_1951,0.03125,0.0,91.32061004638672,170.63632202148438,0,1
24804,24/08/13_RYR64PU_7862,0.0,0.0,273.47088623046875,228.28213500976562,0,0
263429,24/06/22_LGL416U_7546,0.0,0.0,214.89797973632812,339.4189758300781,0,0
297483,24/09/18_NJE539B_5366,0.3125,1.0,36.443450927734375,121.99642181396484,3,6
47956,24/05/23_RYR310D_8117,0.0,0.0,309.7429504394531,669.8292236328125,0,0
249364,24/08/08_EWG6CK_5758,0.53125,1.0,12.811127662658691,111.45683288574219,5,8
275716,24/08/29_DIKCG_3195,0.0625,0.0,583.9107666015625,271.6796569824219,0,1
218447,24/07/29_EZY28VV_3978,0.28125,1.0,17.897275924682617,142.10202026367188,2,5
394362,24/05/13_RYR2370_4944,0.21875,1.0,7.867059707641602,116.99989318847656,2,4
174433,24/06/18_EZS56QZ_5759,0.0,0.0,1092.7325439453125,685.5869140625,0,0
356888,24/03/30_SWR7DP_4062,0.09375,0.0,145.88278198242188,355.4715576171875,0,2
307662,24/05/13_WMT483_8548,0.5625,1.0,15.323593139648438,56.33946228027344,5,8
223071,24/05/27_EWG89KY_1924,0.375,1.0,48.79100799560547,75.86463165283203,3,7
139564,24/05/09_ASL67B_6670,0.375,0.0,56.022315979003906,102.42024230957031,3,7
354705,24/10/24_AEA47DZ_640,0.03125,0.0,171.8384552001953,314.39495849609375,0,1
287157,24/06/08_FDX4713_1215,0.4375,0.0,52.73755645751953,106.48290252685547,4,8
319818,24/03/31_BFX42D_1759,0.1875,0.0,353.3345642089844,157.42591857910156,1,3
168539,24/08/19_VLG69UM_9254,0.0,0.0,84.72049713134766,153.2407684326172,0,0
24639,24/05/31_TAP127M_5156,0.25,1.0,26.443336486816406,151.43026733398438,2,4
4335,24/04/26_RYR2766_4552,0.375,1.0,8.14037036895752,103.53323364257812,3,7
386165,24/09/10_ITY609_7719,0.09375,0.0,57.7636604309082,207.17489624023438,0,2
60613,24/03/31_ITY109_5223,0.15625,1.0,38.58857345581055,150.45603942871094,1,2
124533,24/06/18_REU974_1721,0.0,0.0,892.5895385742188,467.83819580078125,0,0
267157,24/03/30_TOM44X_2382,0.375,0.0,226.1696319580078,72.51893615722656,3,7
333448,24/05/05_DLH27N_1988,0.125,0.0,118.52906799316406,231.8986358642578,1,2
340012,24/09/10_SXS2Y_7070,0.3125,1.0,23.544174194335938,83.68159484863281,3,6
18945,24/10/16_VLG872P_512,0.03125,0.0,126.08380126953125,201.73208618164062,0,1
263868,24/06/08_BAW4PV_2813,0.28125,0.0,53.32506561279297,123.13101196289062,2,5
54870,24/07/10_WZZ448_8891,0.25,1.0,45.10006332397461,132.7918701171875,2,4
335317,24/10/31_RYR34QV_5185,0.28125,1.0,39.55316925048828,102.8064956665039,2,5
223964,24/09/18_AEA47DZ_627,0.3125,0.0,111.43278503417969,118.32167053222656,3,6
345055,24/04/29_WZZ5GH_4235,0.1875,0.0,73.39459228515625,147.0412139892578,1,3
223446,24/02/08_DLH41H_1362,0.4375,1.0,36.92729187011719,82.04173278808594,4,8
267604,24/08/21_THY3TK_6915,0.3125,0.0,51.90195083618164,102.68144989013672,3,6
216094,24/08/13_N91PX_9485,0.03125,0.0,338.4583740234375,346.2470397949219,0,1
1277,24/03/06_BAW543Q_1595,0.21875,1.0,25.723590850830078,151.27352905273438,2,4
328049,24/08/23_TVF96EM_1674,0.375,0.0,72.50700378417969,125.1268310546875,3,7
221641,24/05/25_RYR78FE_6659,0.46875,0.0,451.8462219238281,66.96719360351562,4,8
222526,24/01/27_TAR745_065,0.34375,1.0,19.814767837524414,84.87403869628906,3,6
29083,24/06/19_EJU45QC_4383,0.0,0.0,92.20783996582031,219.56045532226562,0,0
274471,24/08/08_TOM873_3725,0.34375,0.0,258.27130126953125,84.4295654296875,3,6
218038,24/09/19_TVF72SJ_1212,0.59375,1.0,19.66476821899414,51.30005645751953,5,8
221598,24/09/05_OCN3FY_2089,0.375,1.0,36.594268798828125,192.92950439453125,3,7
297600,24/02/04_JFA04G_5001,0.40625,1.0,45.637325286865234,74.0789794921875,4,7
110190,24/01/09_RYR26HL_3580,0.0,0.0,187.1964569091797,527.5157470703125,0,0
174836,24/09/23_IBE31HG_550,0.0,0.0,2301.095947265625,817.6255493164062,0,0
295093,24/05/23_EWG6825_7328,0.28125,1.0,19.001644134521484,104.96966552734375,2,5
234804,24/01/07_SWR9CB_3496,0.03125,0.0,948.9063720703125,233.30484008789062,0,1
55647,24/09/18_TVF71AW_1499,0.03125,0.0,208.95828247070312,410.50506591796875,0,1
235587,24/09/13_JFA26D_7981,0.40625,1.0,5.34438943862915,102.33914947509766,4,7
89499,24/05/09_LOT416_4848,0.21875,0.0,132.37753295898438,124.5888900756836,2,4
182703,24/05/05_TVS2057_4273,0.15625,0.0,109.72010040283203,148.9293670654297,1,2
378962,24/06/06_CFG9HL_4695,0.40625,0.0,89.08432006835938,110.00444030761719,4,7
374930,24/09/10_AFR13JY_1529,0.375,0.0,90.02951049804688,139.6466827392578,3,7
212494,24/06/30_TOM1WY_3562,0.34375,1.0,39.63209533691406,84.87924194335938,3,6
5352,24/05/08_NSZ5362_4999,0.125,0.0,82.42657470703125,140.28179931640625,1,2
72414,24/02/16_GLJ75IT_3897,0.0,0.0,820.3228149414062,941.488525390625,0,0
152229,24/08/13_SAS67W_7409,0.21875,1.0,30.125778198242188,131.53131103515625,2,4
360873,24/06/09_ITY419_6994,0.0,0.0,571.6461791992188,407.42431640625,0,0
210884,24/12/17_RYR56CR_5030,0.03125,0.0,482.1017150878906,418.0198669433594,0,1
298847,24/08/08_EXS96PS_3364,0.46875,1.0,23.77400016784668,61.534278869628906,4,8
89951,24/05/31_TVF99RT_1448,0.1875,1.0,22.954097747802734,134.58853149414062,1,3
125412,24/03/31_FIN07RT_352,0.0,0.0,247.61734008789062,473.9930419921875,0,0
303123,24/10/10_BAW7DK_3103,0.40625,1.0,25.662471771240234,97.90909576416016,4,7
271843,24/02/08_THY184_4235,0.21875,1.0,11.71804141998291,135.37777709960938,2,4
196899,24/06/08_ADN64E_2377,0.28125,1.0,20.155643463134766,106.0654296875,2,5
123175,24/10/20_GSW1EP_9397,0.15625,0.0,348.048583984375,278.5210876464844,1,2
344673,24/06/06_RYR9ET_7507,0.4375,1.0,21.301774978637695,112.02149963378906,4,8
66051,24/12/21_DLH11A_1857,0.65625,1.0,9.104429244995117,50.95162582397461,6,8
186643,24/08/29_WZZ40YV_9563,0.40625,0.0,53.21242904663086,99.93277740478516,4,7
187992,24/02/04_SWR3EC_3457,0.0,0.0,264.32769775390625,474.876953125,0,0
97708,24/03/18_EZS15PH_3411,0.0,0.0,689.231689453125,874.1334228515625,0,0
353644,24/02/04_RYR1KU_5394,0.5625,0.0,839.9041748046875,61.1651496887207,5,8
320430,24/10/18_RYR257N_9311,0.25,0.0,356.0067443847656,135.80746459960938,2,4
264968,24/10/20_EWG2JH_13026,0.53125,1.0,29.743959426879883,56.31243896484375,5,8
148260,24/06/24_RYR2737_7981,0.0,0.0,97.64124298095703,204.74041748046875,0,0
187616,24/12/20_DLH15E_1842,0.34375,0.0,55.298763275146484,100.64411926269531,3,6
226781,24/01/07_THY8SU_4194,0.25,0.0,202.1832733154297,164.0054168701172,2,4
118176,24/09/19_EZY98XF_3976,0.1875,0.0,97.03382110595703,168.0519561767578,1,3
52337,24/05/31_SXS53V_6642,0.3125,0.0,56.39495086669922,124.43913269042969,3,6
241323,24/05/25_EJU38VQ_3715,0.0,0.0,102.56523895263672,267.0368347167969,0,0
235238,24/03/31_OHRBX_3103,0.40625,1.0,8.28402042388916,95.63279724121094,4,7
17298,24/10/20_IBE34LF_806,0.3125,0.0,219.55198669433594,96.13227844238281,3,6
22155,24/06/30_CCM67ME_1531,0.25,1.0,45.78704071044922,95.35228729248047,2,4
72117,24/05/09_AEE5ZH_4427,0.125,0.0,110.56707763671875,196.34072875976562,1,2
366339,24/06/09_MCK308_2599,0.15625,0.0,436.0137023925781,139.1767120361328,1,2
353939,24/08/19_RYR3ZT_8475,0.21875,0.0,91.9011001586914,109.4102554321289,2,4
270764,24/09/13_WZZ92RK_4862,0.25,0.0,58.15550231933594,101.46554565429688,2,4
20792,24/06/22_DLH05C_2209,0.4375,0.0,57.29924011230469,100.76173400878906,4,8
153214,24/05/20_EXS1517_741,0.40625,1.0,35.10697937011719,76.18315124511719,4,7
158802,24/10/16_EWG6NE_4806,0.15625,0.0,192.48538208007812,201.000244140625,1,2
203934,24/04/04_RYR57GR_7199,0.0,0.0,268.7445373535156,215.8369140625,0,0
393238,24/01/27_TUI4D_1510,0.3125,1.0,11.763954162597656,106.92485046386719,3,6
346694,24/07/10_CFG8ME_2062,0.0,0.0,113.18347930908203,240.22708129882812,0,0
107173,24/07/12_BAW64LC_3223,0.21875,0.0,67.73339080810547,128.35821533203125,2,4
165662,24/12/17_BCS821P_1245,0.28125,1.0,1.5322062969207764,155.22311401367188,2,5
235337,24/05/23_TSC694_9132,0.3125,0.0,51.493324279785156,116.28135681152344,3,6
319362,24/09/21_EXS71MF_3661,0.4375,1.0,23.276866912841797,84.41273498535156,4,8
329020,24/11/21_AFR23FP_1007,0.1875,0.0,123.46488952636719,118.6474380493164,1,3
278906,24/05/13_DLH242_2234,0.0,0.0,1386.751953125,576.5386962890625,0,0
220311,24/09/19_TVF47MF_1214,0.15625,0.0,59.78254699707031,147.55816650390625,1,2
240345,24/05/05_DLH33T_1957,0.28125,1.0,14.21761703491211,102.46760559082031,2,5
229738,24/08/19_DFEEL_2770,0.125,0.0,128.76858520507812,159.61900329589844,1,2
241839,24/06/24_AUA3C_4159,0.21875,1.0,32.95546340942383,129.04327392578125,2,4
7476,24/11/25_KLM76Q_3342,0.0,0.0,1196.6075439453125,366.9367980957031,0,0
266084,24/09/30_RYR42CQ_5175,0.21875,1.0,2.3048861026763916,110.6230697631836,2,4
181405,24/02/14_EJU53MG_2383,0.0,0.0,140.71141052246094,192.09788513183594,0,0
210597,24/05/27_EWG2AN_8461,0.03125,0.0,1371.6700439453125,458.3233642578125,0,1
46122,24/08/21_DLH44K_2188,0.0,0.0,106.71603393554688,197.60340881347656,0,0
232873,24/01/27_TVS4374_3407,0.53125,1.0,32.867156982421875,77.41856384277344,5,8
346910,24/08/29_BTI28P_9715,0.5,1.0,14.80762004852295,81.63362121582031,5,8
75919,24/05/13_RYR21KH_7059,0.0,0.0,119.41995239257812,311.3746032714844,0,0
219081,24/02/20_LGL6724_4139,0.46875,1.0,20.25617218017578,92.46876525878906,4,8
266091,24/05/23_EWG2JH_8039,0.09375,0.0,60.399192810058594,140.18988037109375,0,2
306638,24/04/29_MBU6413_8377,0.25,0.0,104.57122039794922,119.56108856201172,2,4
214336,24/02/04_LOT5VD_3165,0.5625,0.0,122.64793395996094,65.26596069335938,5,8
222186,24/05/09_BEL38K_4233,0.0,0.0,208.56028747558594,416.8199462890625,0,0
392744,24/05/23_KLM1635_4600,0.25,1.0,35.73185729980469,153.61610412597656,2,4
119985,24/05/27_SVA122_9189,0.21875,0.0,138.3185272216797,106.63734436035156,2,4
125790,24/02/08_FSF351X_2690,0.34375,0.0,126.47356414794922,175.1949462890625,3,6
239494,24/11/22_ITY151_5414,0.125,0.0,50.812923431396484,151.40988159179688,1,2
171422,24/07/24_AZE76ST_3071,0.09375,0.0,65.33674621582031,128.00979614257812,0,2
204197,24/06/19_RYR78CG_7947,0.0,0.0,129.50416564941406,245.86671447753906,0,0
309923,24/06/22_ITY318_7423,0.625,1.0,18.00390625,55.94217300415039,6,8
85835,24/05/13_ITY351_7390,0.125,0.0,210.36546325683594,258.71148681640625,1,2
297904,24/07/24_CFG3PW_2175,0.46875,1.0,35.93070602416992,79.60067749023438,4,8
369144,24/02/16_TVS6N7_3567,0.28125,1.0,39.91729736328125,102.64065551757812,2,5
168651,24/11/25_OCN27K_1732,0.3125,0.0,74.57588195800781,172.2299041748047,3,6
279310,24/08/08_BCS409_4647,0.0,0.0,230.1968231201172,792.037353515625,0,0
578,24/07/10_ITY165_7727,0.34375,1.0,38.0993766784668,75.13021850585938,3,6
291397,24/04/29_TAR247_118,0.0,0.0,260.3327331542969,416.15234375,0,0
365926,24/01/30_IBE31VW_495,0.28125,1.0,23.91554069519043,102.9391098022461,2,5
10891,24/04/04_RYR89LQ_6683,0.6875,1.0,44.29446792602539,43.09814453125,6,8
221992,24/07/29_EZY17UK_4070,0.46875,1.0,26.557720184326172,69.09646606445312,4,8
76221,24/10/10_EWG4PY_8121,0.0,0.0,148.27003479003906,281.5621032714844,0,0
242477,24/06/19_TJD403_362,0.21875,0.0,162.2103729248047,154.374267578125,2,4
20746,24/03/06_VLG9KG_395,0.375,1.0,10.056092262268066,97.159423828125,3,7
54781,24/06/08_CLY138_8455,0.65625,1.0,25.500307083129883,53.95384216308594,6,8
243304,24/09/10_EZS23VL_6261,0.0,0.0,88.86585998535156,184.3579559326172,0,0
290877,24/10/20_AEA64LH_1287,0.21875,1.0,47.62828063964844,144.90081787109375,2,4
219941,24/06/30_EXS15YT_3115,0.21875,0.0,234.2568359375,148.7530517578125,2,4
252603,24/05/13_RYR99DJ_7771,0.0,0.0,1205.9044189453125,509.56689453125,0,0
84071,24/09/30_EZY28FK_3294,0.4375,0.0,76.83952331542969,53.493186950683594,4,8
48772,24/08/29_DLH02H_2387,0.21875,1.0,26.788814544677734,132.7413330078125,2,4
68838,24/09/30_GSW1EP_6063,0.40625,0.0,79.76185607910156,95.31742858886719,4,7
312886,24/06/18_WJA32_10095,0.15625,0.0,161.40927124023438,280.36468505859375,1,2
321488,24/06/09_ITY356_6806,0.0,0.0,442.351806640625,677.0450439453125,0,0
391323,24/07/10_EWG33N_2051,0.15625,0.0,183.3567657470703,141.47877502441406,1,2
127881,24/08/23_NSZ4KP_5379,0.40625,1.0,38.1700553894043,86.82792663574219,4,7
364092,24/12/17_TAP54T_3232,0.53125,0.0,126.23050689697266,107.4665298461914,5,8
391408,24/12/17_DLH99X_1482,0.21875,1.0,7.089825630187988,145.5891876220703,2,4
253616,24/12/21_EJU4967_3329,0.0,0.0,431.2850646972656,722.6654663085938,0,0
91763,24/08/19_EXS91VW_3409,0.40625,1.0,38.02486801147461,97.58494567871094,4,7
203795,24/02/04_RYR8SU_4703,0.21875,0.0,62.30181121826172,131.09739685058594,2,4
1768,24/04/08_BCS1684_1985,0.0625,0.0,102.31446838378906,173.72988891601562,0,1
230218,24/08/19_RYR365L_7754,0.625,1.0,30.18821144104004,51.902198791503906,6,8
14320,24/05/31_TVF4292_1509,0.0,0.0,242.62319946289062,462.7930908203125,0,0
277729,24/12/24_TAP935_2265,0.15625,0.0,303.1968078613281,240.4638671875,1,2
246828,24/08/19_AUA45CD_4403,0.28125,1.0,33.30634307861328,126.72718811035156,2,5
232595,24/08/08_SAS1829_5842,0.40625,1.0,48.664188385009766,76.513916015625,4,7
185105,24/09/10_AEE2FL_4812,0.34375,1.0,25.10602569580078,89.63555908203125,3,6
39040,24/07/28_CFG4DV_2018,0.0,0.0,113.21276092529297,226.122314453125,0,0
10413,24/09/21_BLX132_5658,0.0,0.0,357.7506408691406,637.729736328125,0,0
205703,24/06/22_SWR4GT_5605,0.1875,0.0,144.66534423828125,203.68991088867188,1,3
28770,24/05/20_RYR1LL_1210,0.15625,0.0,94.688720703125,144.34852600097656,1,2
80936,24/02/17_DLH53U_1713,0.28125,0.0,70.46319580078125,108.78690338134766,2,5
46374,24/09/23_RYR175H_6942,0.375,1.0,29.979419708251953,82.98625946044922,3,7
365369,24/08/30_DAL222_10510,0.28125,0.0,53.49430465698242,116.3058090209961,2,5
208491,24/07/29_DLH75E_2181,0.3125,1.0,3.2015621662139893,80.92990112304688,3,6
191894,24/07/10_EWG3ZR_1949,0.09375,1.0,33.994483947753906,131.84375,0,2
20485,24/02/14_AFR87QE_684,0.0625,0.0,284.3892517089844,370.6841125488281,0,1
309696,24/02/12_RYR922T_4900,0.0,0.0,194.0348358154297,335.9718322753906,0,0
120000,24/01/07_T7MCV_5633,0.40625,0.0,59.460201263427734,97.37911987304688,4,7
399431,24/05/31_ANE8712_652,0.0,0.0,71.8966293334961,189.98167419433594,0,0
146549,24/05/13_SWR6FL_5739,0.0,0.0,119.57117462158203,956.956298828125,0,0
252389,24/10/16_EWG1KX_1746,0.28125,0.0,73.93757629394531,102.41272735595703,2,5
179636,24/01/30_TAY6LC_2329,0.0,0.0,207.00094604492188,427.622802734375,0,0
88352,24/10/24_SRR6381_4255,0.375,0.0,64.45698547363281,71.77825927734375,3,7
62975,24/06/18_GAC307A_4345,0.1875,0.0,115.84236145019531,223.84970092773438,1,3
190073,24/06/08_DCFAM_2320,0.1875,0.0,69.99207305908203,147.19888305664062,1,3
374787,24/12/17_GFA018_5574,0.28125,1.0,5.618051052093506,109.84107971191406,2,5
198315,24/08/08_AFR98HR_1179,0.15625,0.0,272.9822692871094,151.18472290039062,1,2
208951,24/02/04_VLG86TN_538,0.3125,1.0,17.622783660888672,101.78907775878906,3,6
194230,24/09/21_ANE2262_731,0.28125,0.0,1321.2611083984375,242.72789001464844,2,5
338369,24/09/05_DLH61F_2262,0.15625,0.0,71.64070129394531,136.4966278076172,1,2
4068,24/09/30_AFR39SG_1517,0.21875,0.0,254.7086639404297,206.72903442382812,2,4
48949,24/10/24_CFG7FL_4213,0.0,0.0,617.67431640625,797.4155883789062,0,0
112093,24/12/17_AFR567_1014,0.25,0.0,53.50233459472656,162.32989501953125,2,4
373765,24/09/21_EDW244Y_5912,0.3125,1.0,45.1353874206543,151.502197265625,3,6
4679,24/06/09_UAL19_8870,0.21875,1.0,46.76002502441406,120.21908569335938,2,4
17403,24/03/18_QQE720_130,0.125,0.0,191.39291381835938,293.3709716796875,1,2
380125,24/05/23_BAW58MC_2854,0.125,0.0,101.35742950439453,160.66978454589844,1,2
264753,24/09/30_EZS43AF_5562,0.0,0.0,1294.3056640625,228.40257263183594,0,0
244773,24/06/08_WMT8AQ_7792,0.03125,0.0,234.93939208984375,267.0723876953125,0,1
247243,24/03/30_DLA06T_278,0.125,1.0,35.410316467285156,150.9442901611328,1,2
324279,24/05/25_TUI944_1397,0.34375,0.0,103.98445129394531,120.15324401855469,3,6
334390,24/07/12_AFR76KG_1227,0.25,0.0,99.98625183105469,135.33932495117188,2,4
169905,24/05/08_AFR59DG_1237,0.46875,0.0,66.65501403808594,101.3480453491211,4,8
194342,24/07/24_DLH9LM_2613,0.125,1.0,41.684078216552734,155.8241729736328,1,2
131860,24/08/23_RYR8WQ_9017,0.28125,0.0,167.6499786376953,217.3240966796875,2,5
30502,24/05/09_RYR3XZ_6999,0.40625,1.0,22.67466926574707,72.5720443725586,4,7
358763,24/01/07_VLG7ZE_618,0.4375,1.0,18.65643310546875,65.77708435058594,4,8
46711,24/09/05_DLH341_2177,0.3125,0.0,110.90937805175781,120.86553955078125,3,6
94945,24/12/20_DLH34M_1895,0.375,1.0,43.22108840942383,102.82459259033203,3,7
89602,24/09/23_WMT5WC_8397,0.5625,1.0,16.346349716186523,69.59989929199219,5,8
230267,24/02/12_DLH1326_1348,0.3125,0.0,52.90793991088867,101.57414245605469,3,6
186455,24/07/12_EZY43TQ_3128,0.25,1.0,26.165340423583984,193.82720947265625,2,4
59828,24/02/04_DLH11H_1295,0.03125,0.0,76.0000991821289,192.07748413085938,0,1
80871,24/03/30_VLG1DQ_408,0.03125,0.0,59.24644088745117,242.8968505859375,0,1
125795,24/07/29_HBJTO_6511,0.03125,0.0,68.2367172241211,194.59744262695312,0,1
60583,24/10/31_RYR8DK_5180,0.0,0.0,359.1449890136719,577.0902099609375,0,0
291395,24/11/25_EJU48LB_2707,0.375,0.0,56.196224212646484,116.996826171875,3,7
4183,24/09/21_TVF676Y_1245,0.0625,0.0,620.4232177734375,149.82061767578125,0,1
152122,24/01/27_DLH01A_1416,0.5,0.0,762.9998779296875,56.346275329589844,5,8
318271,24/11/25_FJO51Z_5964,0.28125,0.0,122.2804183959961,125.53214263916016,2,5
345657,24/07/28_RYR2716_6696,0.3125,1.0,47.28239440917969,133.9720001220703,3,6
136129,24/01/27_RYR55KE_4706,0.0,0.0,172.3073272705078,306.4247131347656,0,0
174026,24/08/21_TUI66D_1729,0.1875,1.0,8.609587669372559,286.13323974609375,1,3
19877,24/08/30_GERGP_3891,0.125,1.0,3.633610486984253,166.22378540039062,1,2
346266,24/06/22_ITY316_7473,0.34375,1.0,3.9528470039367676,99.96308898925781,3,6
256393,24/07/10_ELY001_9458,0.5,1.0,18.58258628845215,55.297061920166016,5,8
273547,24/08/30_RYR7MM_8927,0.0,0.0,97.08404541015625,279.6716003417969,0,0
18728,24/06/08_EWG30ZL_1729,0.0,0.0,378.4252014160156,638.469970703125,0,0
130252,24/04/29_NSZ5610_4967,0.40625,0.0,51.78139114379883,75.13732147216797,4,7
354834,24/02/04_SCR333_1615,0.28125,0.0,151.2512969970703,201.5612335205078,2,5
381061,24/05/27_RUK3217_3568,0.34375,0.0,72.22674560546875,115.61996459960938,3,6
43962,24/08/19_SWR9CT_6220,0.0,0.0,174.2012176513672,306.130859375,0,0
378041,24/06/24_NSZ3641_5222,0.4375,1.0,43.89493942260742,75.65682220458984,4,8
251686,24/07/29_AFR647_1153,0.3125,0.0,56.34935760498047,108.97704315185547,3,6
85656,24/08/23_EJU85LP_4657,0.0625,0.0,340.1753234863281,217.12515258789062,0,1
154927,24/05/27_NJE7QF_5209,0.21875,0.0,84.50453186035156,107.89859008789062,2,4
104019,24/09/23_AEA1518_702,0.125,0.0,100.3148193359375,152.7274169921875,1,2
34766,24/06/18_ITY414_7828,0.375,0.0,83.36225891113281,98.48445892333984,3,7
237414,24/04/04_JFA56Q_6804,0.34375,0.0,156.25,125.65852355957031,3,6
374315,24/04/26_DLH5CJ_2079,0.21875,1.0,30.134334564208984,96.94833374023438,2,4
152364,24/10/18_RYR2417_9861,0.0,0.0,370.2759094238281,1039.324462890625,0,0
250134,24/11/21_BAW581X_2030,0.125,0.0,119.25164031982422,168.29580688476562,1,2
261703,24/10/20_EZY94UZ_5184,0.40625,1.0,17.15007209777832,82.12567138671875,4,7
87822,24/09/23_SDR21BR_8675,0.34375,1.0,21.898916244506836,94.80452728271484,3,6
82251,24/08/19_RYR6ZA_7184,0.0,0.0,362.755859375,605.3013305664062,0,0
318961,24/05/09_LGL2MA_7386,0.21875,0.0,156.42030334472656,144.62791442871094,2,4
200345,24/05/10_ALE67_7964,0.15625,0.0,62.27321243286133,136.49969482421875,1,2
317686,24/10/10_EZY18HN_3340,0.375,0.0,115.14148712158203,110.35928344726562,3,7
188000,24/12/11_TAR744_053,0.375,0.0,221.3819122314453,84.62086486816406,3,7
375143,24/05/08_BEL3LZ_4012,0.0,0.0,122.5489730834961,254.4801483154297,0,0
49745,24/02/14_BAW579V_2025,0.21875,1.0,12.400226593017578,109.38456726074219,2,4
197796,24/06/10_LOT4CA_5240,0.3125,1.0,23.04106330871582,92.11967468261719,3,6
75136,24/06/22_DLH02T_2200,0.28125,0.0,70.10215759277344,104.32171630859375,2,5
356154,24/03/06_RYR5BF_3852,0.375,0.0,50.369415283203125,75.29082489013672,3,7
381200,24/09/18_EJU87KT_4149,0.4375,1.0,4.596194267272949,73.01395416259766,4,8
128588,24/11/22_SAS793_3113,0.5625,0.0,62.358463287353516,71.40382385253906,5,8
48900,24/05/05_EWG3P_1977,0.0,0.0,136.84754943847656,333.12261962890625,0,0
130632,24/07/24_EWG5H_9656,0.25,0.0,113.02571868896484,93.34281921386719,2,4
38669,24/09/23_EJU51AY_3760,0.25,1.0,49.81967544555664,106.98040008544922,2,4
259273,24/06/30_DLH3WY_2333,0.4375,0.0,1580.007080078125,87.38279724121094,4,8
291304,24/05/23_EWG6TB_8041,0.375,1.0,29.8331298828125,79.22750854492188,3,7
93921,24/07/10_VJT783_8614,0.25,1.0,48.42471694946289,111.01766204833984,2,4
168977,24/09/18_LGL534_7970,0.28125,1.0,31.844593048095703,109.77032470703125,2,5
279437,24/06/08_TAP557H_4796,0.25,1.0,33.87315368652344,106.19945526123047,2,4
315828,24/04/04_AAL9600_8278,0.0,0.0,73.48224639892578,176.03109741210938,0,0
158364,24/05/27_EWG2AN_8461,0.28125,1.0,34.15589141845703,133.6827850341797,2,5
183142,24/05/05_AFR75SG_1158,0.34375,0.0,159.43283081054688,80.18180847167969,3,6
318989,24/05/09_LXZAP_7428,0.0,0.0,467.2496643066406,270.0688781738281,0,0
135181,24/08/16_WZZ9DC_4983,0.28125,0.0,75.95804595947266,83.89601135253906,2,5
320825,24/09/23_TVS2050_5213,0.1875,1.0,21.16158103942871,116.4710464477539,1,3
354159,24/08/19_DLH9HH_2174,0.0625,0.0,276.623046875,497.295166015625,0,1
6552,24/07/24_N343AP_10231,0.0,0.0,491.60986328125,756.65087890625,0,0
71272,24/06/18_SAS33D_7921,0.34375,1.0,36.70256423950195,88.7045669555664,3,6
388717,24/08/13_EWG97XH_1725,0.3125,1.0,34.6500358581543,64.91358184814453,3,6
194519,24/09/18_EWG70PT_8793,0.0,0.0,167.0078582763672,329.20343017578125,0,0
363144,24/09/05_WMT8465_4695,0.5,1.0,16.068700790405273,60.408119201660156,5,8
52045,24/05/09_OCN6LM_1979,0.4375,1.0,25.179357528686523,91.27607727050781,4,8
291003,24/10/18_DLH44M_11128,0.5625,1.0,37.48353958129883,92.46745300292969,5,8
196673,24/09/21_RYR2WA_8543,0.25,0.0,53.07836151123047,143.90139770507812,2,4
350916,24/09/18_SRN6933_5294,0.0,0.0,235.02194213867188,637.7724609375,0,0
144445,24/09/05_EWG6GR_8913,0.0,0.0,585.6588134765625,566.3759155273438,0,0
378958,24/07/24_N622JD_10278,0.03125,0.0,86.3658676147461,165.75552368164062,0,1
331796,24/10/31_WZZ106F_3347,0.4375,0.0,98.50515747070312,118.09523010253906,4,8
344139,24/06/18_DIBSL_3014,0.0,0.0,129.38104248046875,223.49307250976562,0,0
228787,24/07/29_TVF855A_1579,0.03125,0.0,680.9130249023438,558.1738891601562,0,1
330487,24/05/08_AFR648_934,0.34375,1.0,34.20640563964844,102.63371276855469,3,6
117356,24/05/10_CTN495_8038,0.375,0.0,63.17287826538086,99.27151489257812,3,7
320914,24/02/14_RYR5SQ_5070,0.3125,0.0,257.31011962890625,133.0830841064453,3,6
211066,24/10/18_BCS6GA_2152,0.0,0.0,321.09783935546875,518.5291137695312,0,0
397557,24/09/10_EZS1281_6250,0.21875,0.0,162.19451904296875,170.75772094726562,2,4
46151,24/06/24_FHGET_1473,0.15625,0.0,143.3369140625,133.092529296875,1,2
67168,24/05/05_EZY53ZE_2858,0.3125,1.0,21.11020278930664,118.95203399658203,3,6
378010,24/09/30_SXS72R_7052,0.1875,0.0,131.3723907470703,276.918701171875,1,3
12603,24/05/08_DLH16V_1865,0.0,0.0,98.28060913085938,212.94972229003906,0,0
210172,24/05/25_AFR14SM_1328,0.0625,0.0,122.19049072265625,278.84124755859375,0,1
64151,24/12/11_VLG84PM_606,0.3125,1.0,18.229869842529297,141.37271118164062,3,6
242056,24/05/09_TAP553R_5098,0.28125,0.0,51.31093978881836,105.46199035644531,2,5
260702,24/08/30_RYR4CM_8992,0.375,1.0,22.13064956665039,101.4867172241211,3,7
291661,24/09/13_AFR53VN_1059,0.03125,0.0,70.3691177368164,416.04461669921875,0,1
276806,24/02/16_NJE2PY_3511,0.0,0.0,79.01423645019531,183.16131591796875,0,0
237499,24/09/05_BAW845_3204,0.40625,0.0,72.33688354492188,81.54620361328125,4,7
179805,24/10/16_KLM65D_4395,0.0625,0.0,244.08157348632812,168.9228515625,0,1
273251,24/02/17_DLH1317_1496,0.75,0.0,1025.31591796875,56.27219772338867,7,8
53888,24/09/18_THY1DU_6948,0.0,0.0,2760.01708984375,1014.6861572265625,0,0
325377,24/12/20_ETD3RH_7928,0.21875,0.0,428.07318115234375,149.7393341064453,2,4
262221,24/05/13_RYR27MG_7789,0.25,0.0,72.82384490966797,106.9530029296875,2,4
115944,24/05/25_N878SC_8334,0.1875,1.0,29.465286254882812,172.25628662109375,1,3
310086,24/05/13_EZY47CV_3005,0.4375,1.0,49.36740493774414,174.30706787109375,4,8
32236,24/10/16_TUI2EJ_1576,0.1875,0.0,318.6621398925781,143.31094360351562,1,3
101167,24/05/23_RYR3454_7721,0.03125,0.0,64.856689453125,156.93075561523438,0,1
75220,24/05/25_ANE2402_523,0.34375,1.0,24.946504592895508,91.57353210449219,3,6
353603,24/07/29_TAP555_5715,0.15625,0.0,66.844970703125,150.67425537109375,1,2
129320,24/05/27_DAL206_9663,0.0625,1.0,42.8125,216.2754364013672,0,1
129791,24/10/31_ITY575_5363,0.0,0.0,63.468990325927734,284.42529296875,0,0
231833,24/04/04_EJU75ZA_3270,0.34375,1.0,13.860916137695312,62.236732482910156,3,6
93655,24/01/27_DLH66K_1260,0.34375,1.0,15.076886177062988,96.52603149414062,3,6
196881,24/06/30_DLH02K_2070,0.28125,0.0,62.45098114013672,133.59063720703125,2,5
348769,24/05/13_VJT884_7730,0.0,0.0,58.58380889892578,166.81590270996094,0,0
376641,24/04/08_CFG9AW_1366,0.375,0.0,59.29639434814453,118.7980728149414,3,7
315312,24/01/30_N550TS_5388,0.0,0.0,1543.669921875,1478.4420166015625,0,0
258677,24/07/24_RYR27VA_8706,0.3125,0.0,256.9967041015625,157.484130859375,3,6
21531,24/12/21_EWG12Y_1721,0.09375,1.0,39.18007278442383,217.39956665039062,0,2
103270,24/08/19_DLH8VU_2391,0.15625,1.0,43.061004638671875,248.97021484375,1,2
323920,24/09/19_EWG64BW_8865,0.0,0.0,98.9350357055664,208.01800537109375,0,0
87074,24/09/19_EWG6HL_1869,0.40625,1.0,11.935373306274414,83.56731414794922,4,7
395896,24/09/13_DLH53U_2445,0.25,0.0,61.95323181152344,115.77516174316406,2,4
73342,24/12/17_TAY1LA_2582,0.0,0.0,133.65750122070312,232.1976776123047,0,0
189966,24/04/29_DLA5AN_367,0.0,0.0,182.9660186767578,399.1479797363281,0,0
339688,24/05/08_RYR2850_7950,0.125,0.0,94.20489501953125,140.01470947265625,1,2
30010,24/10/18_SWR4GT_6982,0.0,0.0,93.85260772705078,224.72915649414062,0,0
319523,24/04/26_TEU7_8098,0.03125,0.0,992.2860107421875,219.24432373046875,0,1
231202,24/08/29_AFR58KR_1182,0.34375,1.0,30.052038192749023,137.97467041015625,3,6
20272,24/08/23_FDX8_10444,0.3125,1.0,3.9151148796081543,115.49524688720703,3,6
368648,24/07/28_NJE467E_5120,0.40625,1.0,12.188621520996094,182.71099853515625,4,7
2502,24/04/29_ITY110_7062,0.15625,1.0,42.21466827392578,113.2254867553711,1,2
58172,24/06/24_SAS4842_5933,0.125,0.0,104.88147735595703,208.87838745117188,1,2
14502,24/06/06_TAP931L_5471,0.34375,1.0,39.940582275390625,103.47077941894531,3,6
283811,24/09/23_EXS1543_2905,0.0,0.0,54.395111083984375,197.96331787109375,0,0
287675,24/10/31_BAW63VP_2659,0.4375,1.0,6.103277683258057,79.85484313964844,4,8
333766,24/02/12_BAW66GA_2168,0.4375,1.0,23.6352481842041,73.9758071899414,4,8
376908,24/10/24_MSR800_013,0.25,1.0,42.35637664794922,174.05682373046875,2,4
125562,24/12/17_AFR25VW_877,0.21875,0.0,214.98287963867188,201.44180297851562,2,4
71888,24/05/08_RYR6JJ_4675,0.34375,1.0,25.559978485107422,114.13571166992188,3,6
318697,24/08/13_DLH44M_8897,0.09375,0.0,160.6893768310547,195.92459106445312,0,2
237979,24/05/23_TOM5XM_3337,0.40625,0.0,70.99647521972656,96.74404907226562,4,7
125047,24/05/25_LGL3N_6699,0.0,0.0,78.25039672851562,188.7598876953125,0,0
278760,24/07/10_RYR1YF_8238,0.0625,0.0,59.016021728515625,241.21286010742188,0,1
330315,24/08/19_UNI131_2657,0.0,0.0,50.25761795043945,262.6240234375,0,0
38113,24/09/23_EJU98TM_3670,0.5,1.0,27.25,82.29837799072266,5,8
238709,24/08/23_HRN121_3136,0.40625,1.0,24.25386619567871,104.68649291992188,4,7
295621,24/04/29_VOE56YH_587,0.0,0.0,209.67044067382812,344.8847351074219,0,0
285419,24/07/29_RYR2256_8177,0.46875,1.0,3.181980609893799,75.86654663085938,4,8
96435,24/10/16_UAE7V_8519,0.59375,0.0,53.85005187988281,59.99903106689453,5,8
365645,24/07/24_CFG1TK_2174,0.0,0.0,728.7642822265625,963.960693359375,0,0
289434,24/07/10_SAS4824_4902,0.34375,0.0,56.460716247558594,104.78443908691406,3,6
217162,24/08/08_CFG6VX_1911,0.0,0.0,134.8540802001953,290.8597412109375,0,0
210808,24/08/30_EZS54DG_6736,0.0625,0.0,346.599365234375,157.43545532226562,0,1
122875,24/06/19_DLH04N_2501,0.15625,1.0,3.9051249027252197,128.52691650390625,1,2
242014,24/04/26_TAR649_085,0.34375,1.0,45.125694274902344,94.1329345703125,3,6
75321,24/08/29_SVA122_9965,0.03125,0.0,256.69012451171875,338.3263854980469,0,1
349497,24/08/21_SWR6LY_6110,0.125,0.0,89.9504165649414,152.14089965820312,1,2
32427,24/09/05_NOS861_7251,0.03125,0.0,78.0877914428711,181.0709228515625,0,1
243260,24/12/17_DLH506_1195,0.375,1.0,48.858211517333984,99.92683410644531,3,7
13925,24/10/31_LGL6996_5665,0.0625,0.0,122.9865951538086,142.23146057128906,0,1
10245,24/07/12_GPX4LB_4206,0.1875,0.0,73.49319458007812,179.97967529296875,1,3
212259,24/03/18_RYR6XH_5439,0.15625,0.0,115.61385345458984,160.65335083007812,1,2
248772,24/09/18_EWG8593_2093,0.4375,0.0,65.17860412597656,112.25273132324219,4,8
277499,24/07/12_EJU79FL_3616,0.0,0.0,586.7091064453125,916.8515625,0,0
260468,24/09/23_DLH55U_2353,0.0625,0.0,78.41087341308594,130.04953002929688,0,1
360778,24/08/21_AUA2651_4298,0.40625,1.0,6.241243839263916,91.49617004394531,4,7
35418,24/05/08_SWR105Z_5358,0.3125,0.0,70.21573638916016,346.38006591796875,3,6
135980,24/12/20_FRF151_3941,0.0625,0.0,153.2685546875,180.63706970214844,0,1
154301,24/10/18_EWG45AK_10534,0.03125,0.0,2299.542236328125,255.36595153808594,0,1
136765,24/08/29_EZS74GN_6014,0.0,0.0,100.30399322509766,350.3081970214844,0,0
383554,24/02/14_CCA967_5694,0.1875,1.0,35.12588882446289,171.4497833251953,1,3
55451,24/05/25_N148MW_8123,0.0,0.0,141.90225219726562,213.6051025390625,0,0
180842,24/06/22_WIF6M_4707,0.25,0.0,102.41192626953125,110.16629791259766,2,4
15202,24/05/05_OCN17G_2215,0.0,0.0,627.6461181640625,501.0049133300781,0,0
55809,24/07/29_DLH7HX_2135,0.03125,0.0,286.0511169433594,180.73219299316406,0,1
83846,24/03/18_EJU78QH_2629,0.03125,0.0,93.3126449584961,171.8725128173828,0,1
307570,24/09/19_NSZ5610_5110,0.4375,0.0,60.70883560180664,231.83963012695312,4,8
354486,24/08/21_SUI721_6842,0.3125,1.0,18.298309326171875,156.892822265625,3,6
186523,24/11/22_ETD8MY_6537,0.28125,0.0,189.90786743164062,163.90692138671875,2,5
376619,24/06/06_LBT508_091,0.34375,1.0,42.29528045654297,91.19931030273438,3,6
17321,24/01/27_VLG8430_535,0.375,0.0,76.14993286132812,88.95865631103516,3,7
312706,24/03/31_RYR82KX_4840,0.3125,1.0,30.900293350219727,99.27763366699219,3,6
157390,24/05/25_DLH57N_1840,0.1875,0.0,58.15550231933594,177.27273559570312,1,3
333516,24/10/24_EWG33W_1766,0.28125,0.0,65.8378677368164,193.871826171875,2,5
349491,24/07/24_RYR84AH_8975,0.6875,0.0,54.82771301269531,49.290706634521484,6,8
272184,24/05/25_CFG7VM_1695,0.40625,1.0,24.502870559692383,88.43898010253906,4,7
354028,24/05/31_TKJ3SW_6451,0.28125,1.0,19.456682205200195,144.5053253173828,2,5
152979,24/09/23_DLH1835_2212,0.25,0.0,106.03095245361328,141.0160675048828,2,4
80323,24/01/09_SWR8AC_2278,0.125,0.0,237.89768981933594,145.86886596679688,1,2
315650,24/08/08_RYR74JR_8613,0.4375,1.0,48.54121780395508,100.29073333740234,4,8
163473,24/06/18_RYR605Q_7764,0.21875,0.0,50.69331741333008,85.40674591064453,2,4
291414,24/09/18_EZY63EA_3136,0.46875,1.0,17.163278579711914,83.99980163574219,4,8
58231,24/07/29_MSC2950_034,0.28125,1.0,23.723669052124023,95.26337432861328,2,5
306865,24/02/14_WMT644_5378,0.09375,0.0,109.00831604003906,296.08160400390625,0,2
347960,24/08/19_EJU93RL_4417,0.40625,0.0,82.83615112304688,95.52259826660156,4,7
48079,24/07/24_EJU59BC_4138,0.34375,1.0,36.100555419921875,87.98912048339844,3,6
254523,24/12/20_EWG1ME_1787,0.0625,0.0,139.4309844970703,223.65093994140625,0,1
17739,24/05/27_SVW33IO_7796,0.34375,0.0,88.5025634765625,81.75230407714844,3,6
235152,24/10/20_DLH88P_3538,0.53125,1.0,15.910393714904785,63.3104133605957,5,8
230563,24/04/04_AFR61WJ_1502,0.34375,0.0,691.0150756835938,80.87727355957031,3,6
119780,24/07/12_TRA873K_4632,0.125,0.0,82.5311508178711,256.35247802734375,1,2
370932,24/05/08_RYR3VZ_6756,0.40625,1.0,24.341644287109375,83.83306884765625,4,7
378309,24/09/13_SVW22ES_7940,0.4375,0.0,63.12104034423828,63.195369720458984,4,8
165449,24/12/20_GEC8265_2196,0.34375,0.0,931.3364868164062,121.10244750976562,3,6
281153,24/05/05_DLH77M_2271,0.15625,1.0,41.37934112548828,122.45785522460938,1,2
118396,24/08/13_EZS59AV_5380,0.375,0.0,67.72416687011719,138.5907745361328,3,7
226616,24/05/23_WMT4ZA_4477,0.1875,0.0,209.6033477783203,155.5069580078125,1,3
344600,24/02/04_RYR60SM_5551,0.1875,0.0,648.121826171875,185.10923767089844,1,3
10142,24/06/24_EZS26FY_6637,0.0,0.0,352.0256652832031,615.315185546875,0,0
136335,24/07/10_SXS813_7102,0.21875,0.0,54.915985107421875,154.49929809570312,2,4
221971,24/08/21_EJU57CZ_4222,0.3125,1.0,49.20064163208008,116.12467956542969,3,6
66631,24/09/13_SVW22ES_7939,0.0,0.0,169.1940460205078,356.0511779785156,0,0
205584,24/12/21_ASL71P_5695,0.3125,1.0,47.20235824584961,116.00299835205078,3,6
354704,24/12/24_AEE2EG_1963,0.375,0.0,87.23038482666016,96.25883483886719,3,7
303184,24/09/10_EJU78MY_4061,0.21875,0.0,236.92640686035156,140.36428833007812,2,4
215465,24/05/10_TUI7AJ_2150,0.0,1.0,10.940357208251953,200.42373657226562,0,0
219920,24/09/18_SWR9AM_5854,0.1875,0.0,74.6596450805664,119.68569946289062,1,3
85727,24/04/29_MEA213_8199,0.15625,0.0,191.0634765625,180.03102111816406,1,2
103281,24/10/24_DCAWN_2443,0.125,0.0,236.79714965820312,195.6256561279297,1,2
171459,24/01/30_WZZ1991_4992,0.4375,1.0,30.596158981323242,108.09516906738281,4,8
77394,24/09/30_DLA4PU_342,0.0,0.0,162.24615478515625,357.5987243652344,0,0
250118,24/06/09_DIMPC_2592,0.375,0.0,56.12541580200195,70.79350280761719,3,7
308215,24/12/11_DFLUX_2033,0.0,0.0,77.7146224975586,170.05657958984375,0,0
368392,24/05/23_FJO54A_7897,0.3125,0.0,105.0883560180664,91.47107696533203,3,6
56207,24/09/19_HB4999_6777,0.0625,0.0,2389.022705078125,917.9945678710938,0,1
102667,24/09/05_CGF840_4467,0.375,1.0,18.78330421447754,80.99879455566406,3,7
365025,24/11/25_DLH08P_1700,0.25,1.0,41.5459098815918,131.67330932617188,2,4
58482,24/06/30_NSZ5140_4831,0.40625,1.0,30.547094345092773,76.08294677734375,4,7
148082,24/07/10_AAL715_9861,0.375,1.0,20.691181182861328,78.08319091796875,3,7
72039,24/08/23_VJH721_2465,0.1875,0.0,145.5580291748047,168.49668884277344,1,3
386425,24/09/05_EJU13XC_3979,0.0,0.0,432.2517395019531,634.6124877929688,0,0
37984,24/08/21_BAW138_3251,0.28125,1.0,23.534881591796875,146.91566467285156,2,5
385557,24/04/08_LGL203_6208,0.0,0.0,801.1529541015625,1020.6759643554688,0,0
399260,24/07/10_N2239X_9706,0.0,0.0,212.7387237548828,396.8860168457031,0,0
92273,24/11/22_BAW74E_2246,0.0625,0.0,177.6712188720703,222.08462524414062,0,1
96488,24/01/09_AEE831_1877,0.34375,0.0,70.01517486572266,106.08949279785156,3,6
39810,24/06/10_BCS5707_1897,0.1875,0.0,52.31589889526367,186.4746551513672,1,3
101269,24/05/09_ART9T5_8315,0.0,0.0,1208.7655029296875,743.8424072265625,0,0
344867,24/02/14_SWR795Z_3474,0.0,0.0,159.53453063964844,264.5753479003906,0,0
119312,24/02/16_VLG41KL_568,0.34375,1.0,40.894107818603516,123.82489013671875,3,6
320874,24/01/30_WZZ8QF_5002,0.0625,0.0,78.58325958251953,173.13113403320312,0,1
202504,24/07/29_SAS791_4926,0.125,1.0,47.319557189941406,106.154541015625,1,2
249922,24/08/13_RYR75AG_7582,0.5,1.0,27.6134033203125,65.58932495117188,5,8
363147,24/06/06_EZS19CR_6326,0.125,0.0,399.7975158691406,352.0584716796875,1,2
13605,24/12/24_AFR76BQ_895,0.40625,1.0,42.52058410644531,97.66690826416016,4,7
154539,24/01/30_EZY70ZY_2115,0.34375,0.0,69.66437530517578,150.28846740722656,3,6
371424,24/05/23_UAL884_9008,0.3125,0.0,155.3538818359375,161.93597412109375,3,6
24876,24/09/30_TSM605_9058,0.46875,1.0,40.13745880126953,64.57416534423828,4,8
171491,24/12/20_ITY150_6565,0.0,0.0,136.0352020263672,276.81585693359375,0,0
264683,24/07/28_MEGWD_3745,0.21875,1.0,0.673145592212677,116.35017395019531,2,4
286582,24/08/29_EJU38ZQ_4684,0.34375,1.0,5.340002536773682,95.94296264648438,3,6
185656,24/10/24_BAW719_2795,0.1875,0.0,144.6880340576172,151.38751220703125,1,3
167444,24/12/20_AEA15HY_835,0.34375,1.0,35.418922424316406,130.65589904785156,3,6
153333,24/07/28_N519QS_8884,0.0,0.0,138.9217529296875,295.27349853515625,0,0
283004,24/09/18_GSW613_6102,0.4375,1.0,16.101242065429688,72.7227783203125,4,8
357984,24/02/17_SVA115_6723,0.4375,1.0,22.682937622070312,99.09979248046875,4,8
286751,24/06/30_SVA116_9199,0.21875,1.0,9.00086784362793,138.6146240234375,2,4
155606,24/10/18_WZZ3195_5777,0.25,0.0,3745.098876953125,186.29873657226562,2,4
130468,24/06/24_CAI95PE_7512,0.375,0.0,74.77507781982422,99.19273376464844,3,7
91677,24/02/17_EZS29RT_4613,0.25,0.0,270.2342834472656,140.87741088867188,2,4
45453,24/02/14_EZS85KA_3758,0.25,0.0,57.32909393310547,119.28067016601562,2,4
32739,24/04/29_SVA101_8413,0.1875,0.0,76.99036407470703,161.56997680664062,1,3
131779,24/09/10_EWG97XH_2024,0.1875,1.0,34.52738952636719,147.58279418945312,1,3
6670,24/06/30_BEL3SG_4408,0.0,0.0,124.17452239990234,250.55612182617188,0,0
92000,24/10/16_WMT2EE_7871,0.0,0.0,3039.767822265625,210.45156860351562,0,0
348204,24/06/18_WMT6XZ_9080,0.25,1.0,35.27088165283203,123.2098388671875,2,4
338004,24/05/13_IBE34VP_818,0.28125,0.0,932.6884765625,121.01020050048828,2,5
358391,24/01/09_ETH734_077,0.34375,0.0,347.3212890625,119.67984008789062,3,6
88876,24/05/05_EZY53ZE_2858,0.3125,0.0,86.0959701538086,109.27386474609375,3,6
321577,24/01/07_DLH6PW_1382,0.0,0.0,101.86487579345703,248.43251037597656,0,0
66353,24/05/13_DLH97X_2229,0.0625,0.0,72.86599731445312,171.84942626953125,0,1
172045,24/08/08_ETH735_153,0.34375,1.0,18.851806640625,176.43350219726562,3,6
66092,24/06/09_SWR187D_8427,0.28125,1.0,13.20037841796875,121.57073974609375,2,5
69273,24/09/05_KLM34T_4968,0.3125,0.0,104.6611328125,117.59735870361328,3,6
208341,24/10/18_SWR233D_7058,0.0,0.0,432.66448974609375,432.5230712890625,0,0
116446,24/06/22_SDR36TM_1619,0.5625,1.0,47.5460319519043,74.14259338378906,5,8
279066,24/07/12_KAL908_8811,0.28125,0.0,73.76058959960938,125.98538208007812,2,5
333366,24/01/27_BCS73B_1174,0.40625,1.0,2.050152540206909,115.48883056640625,4,7
152589,24/12/21_ADN64E_2253,0.28125,1.0,25.961509704589844,113.00901794433594,2,5
322947,24/09/21_RYR37VG_8487,0.0,0.0,69.60794067382812,168.41473388671875,0,0
258895,24/09/05_RYR40EA_8671,0.0,0.0,99.61488342285156,223.62234497070312,0,0
179969,24/05/08_FIN07RT_470,0.0,0.0,413.1960144042969,409.462158203125,0,0
394848,24/09/10_DLA6CX_286,0.25,1.0,9.981232643127441,158.08314514160156,2,4
246503,24/08/08_RYR2XC_8640,0.3125,0.0,71.75043487548828,98.54859924316406,3,6
18790,24/02/16_MSR772_004,0.0,0.0,52.640621185302734,267.83935546875,0,0
387472,24/10/10_BAW72_3242,0.34375,0.0,177.8435516357422,78.09489440917969,3,6
44027,24/07/10_ADZ1001_4579,0.03125,0.0,166.64108276367188,249.1622772216797,0,1
292115,24/05/23_DLH8MA_2297,0.25,0.0,1504.59423828125,122.15982055664062,2,4
395501,24/08/30_SWR101X_6498,0.0,0.0,175.68690490722656,472.13165283203125,0,0
57963,24/09/18_ENT97YE_5165,0.4375,1.0,12.539936065673828,92.51587677001953,4,8
146735,24/06/30_RYR76TU_7239,0.0,0.0,157.49325561523438,266.03802490234375,0,0
117709,24/02/12_AMC103_5011,0.3125,0.0,843.8832397460938,140.9049072265625,3,6
340658,24/06/18_BAW5KY_3209,0.5,1.0,19.663179397583008,68.27717590332031,5,8
296147,24/02/14_FIN9AR_2842,0.0,0.0,238.06658935546875,459.6708068847656,0,0
253393,24/05/25_N532QS_8208,0.28125,1.0,6.324555397033691,110.00045776367188,2,5
51540,24/05/05_TVF276T_1367,0.3125,0.0,78.9189682006836,147.9134979248047,3,6
223565,24/06/30_DLH51U_2135,0.0,0.0,947.9169311523438,413.02069091796875,0,0
323936,24/09/13_SXS53D_7053,0.03125,0.0,56.695045471191406,314.87139892578125,0,1
100358,24/05/13_VOE56YH_729,0.125,0.0,75.05997467041016,171.30499267578125,1,2
229758,24/09/05_TOM5GE_3531,0.40625,0.0,90.58395385742188,95.95249938964844,4,7
232581,24/04/29_AFR116_1113,0.09375,0.0,156.3035888671875,254.3082275390625,0,2
40838,24/07/28_EXS1JF_3357,0.375,0.0,258.3966064453125,87.75907897949219,3,7
293823,24/08/29_SWR7LW_6340,0.0625,0.0,135.7024688720703,225.5495147705078,0,1
311851,24/06/06_AFR13JY_1449,0.5,1.0,31.27499008178711,79.76200866699219,5,8
283658,24/09/23_EWG8593_2060,0.21875,1.0,42.750732421875,231.27447509765625,2,4
97833,24/06/18_DLH25E_2558,0.53125,1.0,13.428049087524414,116.96067810058594,5,8
389370,24/09/19_HB4999_6777,0.0625,0.0,1076.546630859375,684.6424560546875,0,1
380236,24/12/21_VOE6YX_944,0.40625,1.0,25.769411087036133,111.6650390625,4,7
147326,24/02/16_ITY574_5072,0.34375,1.0,28.46269416809082,105.4400405883789,3,6
374424,24/02/17_FLI7025_3296,0.1875,0.0,200.94561767578125,158.887451171875,1,3
147195,24/07/28_THY4QR_6422,0.0,0.0,151.05592346191406,332.20733642578125,0,0
223350,24/08/08_EFW59V_3334,0.34375,1.0,24.1314754486084,98.20828247070312,3,6
65650,24/05/31_OYTPJ_4397,0.21875,1.0,45.305213928222656,113.86979675292969,2,4
223983,24/05/09_RYR76AL_8381,0.3125,1.0,28.134998321533203,109.89618682861328,3,6
152471,24/08/13_THY5PV_6753,0.46875,1.0,18.045082092285156,89.12600708007812,4,8
185062,24/09/23_SWR64E_5863,0.1875,0.0,98.47945404052734,216.12953186035156,1,3
200631,24/08/13_EZY2075_3048,0.40625,1.0,26.004806518554688,101.09364318847656,4,7
237872,24/07/10_BAW6CA_3573,0.15625,0.0,148.73318481445312,234.59585571289062,1,2
312994,24/10/18_FHNGX_1594,0.03125,0.0,220.48370361328125,328.9292297363281,0,1
389070,24/10/24_UAL507_8999,0.3125,1.0,19.680255889892578,104.0354232788086,3,6
340942,24/07/29_KMM492_9064,0.46875,0.0,67.07516479492188,83.5276107788086,4,8
61000,24/03/18_EWG30BM_5510,0.125,1.0,45.0758056640625,175.52566528320312,1,2
152253,24/06/10_UAE41M_9722,0.09375,1.0,42.30340576171875,349.0094909667969,0,2
46042,24/06/22_THY24PQ_6566,0.3125,0.0,299.2812194824219,207.68116760253906,3,6
156983,24/05/05_NSZ3DA_4381,0.03125,1.0,49.374210357666016,157.58233642578125,0,1
288630,24/08/13_ITY224_7509,0.0,0.0,161.9724578857422,560.2242431640625,0,0
46597,24/04/29_RUK9XZ_3314,0.21875,1.0,30.082439422607422,127.82925415039062,2,4
268624,24/06/10_SAZ51_6309,0.0625,0.0,225.64633178710938,240.43824768066406,0,1
343167,24/08/19_NJE421E_5378,0.28125,1.0,28.837909698486328,93.90190124511719,2,5
99633,24/08/21_RYR13RX_8932,0.0,0.0,59.121829986572266,167.73605346679688,0,0
219487,24/05/25_EWG94NJ_1642,0.0,0.0,130.6163330078125,266.1685485839844,0,0
117160,24/07/24_ITY577_8229,0.0625,0.0,411.5079650878906,306.8957214355469,0,1
239561,24/07/28_VLG8430_890,0.34375,0.0,56.87664794921875,127.62649536132812,3,6
89967,24/08/30_EWG54KT_2112,0.25,1.0,47.25479507446289,98.47936248779297,2,4
42349,24/02/17_ENT57TD_3726,0.28125,0.0,77.43313598632812,123.23908233642578,2,5
157290,24/06/19_BAW45T_3323,0.53125,1.0,31.515869140625,57.01753234863281,5,8
200008,24/05/10_PVD88W_2248,0.375,1.0,44.469970703125,115.67887115478516,3,7
31933,24/09/18_TUI66D_1680,0.15625,0.0,63.257904052734375,206.30087280273438,1,2
147710,24/12/17_BCS73B_1153,0.21875,1.0,19.800567626953125,116.60076904296875,2,4
255883,24/11/25_EIJIA_5168,0.0625,0.0,156.7544403076172,270.79486083984375,0,1
288585,24/05/25_VLG79BJ_535,0.25,1.0,12.374368667602539,98.01591491699219,2,4
13330,24/05/20_FIN6Y_1071,0.21875,0.0,102.06378173828125,127.90885162353516,2,4
134740,24/06/10_PGC39G_4495,0.125,0.0,58.585540771484375,113.48577117919922,1,2
219797,24/02/17_DLH1317_1496,0.25,1.0,0.8500919342041016,137.12619018554688,2,4
296960,24/10/18_DLH5PK_2413,0.0,0.0,168.64891052246094,247.4069366455078,0,0
232859,24/02/08_VLG3GQ_405,0.5,1.0,12.993388175964355,54.24787902832031,5,8
12051,24/06/19_AFR81BQ_1297,0.4375,0.0,76.5050048828125,77.16456604003906,4,8
207150,24/01/30_RYR88FL_5049,0.59375,1.0,40.34615707397461,66.09107971191406,5,8
369635,24/11/21_ETH736_074,0.0,0.0,123.23104858398438,373.25543212890625,0,0
34016,24/10/20_SWR696V_8927,0.15625,0.0,622.0205078125,294.6307373046875,1,2
382678,24/03/31_RYR43ZP_5590,0.09375,1.0,41.100486755371094,153.9165496826172,0,2
151106,24/05/31_EWG4CH_5189,0.0,0.0,209.55506896972656,368.0406494140625,0,0
283057,24/08/08_EJU71XF_4225,0.1875,1.0,28.37692642211914,243.79226684570312,1,3
366038,24/09/30_BAW470_3004,0.0,0.0,271.627197265625,543.796142578125,0,0
69323,24/05/13_TRA8Q_4690,0.34375,1.0,4.756574630737305,88.9610366821289,3,6
207425,24/04/04_RAM725A_066,0.0,0.0,241.7025604248047,420.37005615234375,0,0
286482,24/08/08_DLH81P_2489,0.0,0.0,955.4317626953125,481.19989013671875,0,0
342210,24/04/08_EWG2JH_6825,0.46875,1.0,22.18705940246582,66.71855163574219,4,8
166430,24/02/08_CFE71J_1897,0.4375,0.0,53.15190505981445,65.55805969238281,4,8
51791,24/02/20_RYR8CN_3777,0.25,0.0,1229.8720703125,142.48326110839844,2,4
259400,24/08/19_EXS41UN_3387,0.46875,1.0,4.9307708740234375,80.10884094238281,4,8
153747,24/05/25_EJU47DC_3740,0.25,0.0,218.73703002929688,123.09689331054688,2,4
203499,24/05/27_DLH55N_2211,0.71875,1.0,12.031858444213867,40.46342468261719,7,8
330866,24/12/24_RYR49LP_3254,0.125,1.0,25.220279693603516,144.34498596191406,1,2
183515,24/09/13_THY9JL_6895,0.28125,0.0,105.83012390136719,131.59034729003906,2,5
154988,24/08/30_RYR61TY_8026,0.21875,0.0,133.79420471191406,104.13958740234375,2,4
275297,24/12/20_AFR74RN_1158,0.1875,0.0,78.8293228149414,110.92625427246094,1,3
273741,24/01/30_RYR2MM_4724,0.21875,0.0,111.87325286865234,154.8849334716797,2,4
373805,24/10/18_CFG8LT_5529,0.03125,0.0,296.23968505859375,282.4586181640625,0,1
222890,24/02/12_XRO1061_1704,0.3125,0.0,108.42652893066406,95.46484375,3,6
283198,24/06/10_EDW69A_5908,0.375,0.0,411.2941589355469,95.87499237060547,3,7
50024,24/06/10_LXSKY_8133,0.03125,0.0,102.65087890625,168.92337036132812,0,1
289472,24/06/18_EJU59VH_4380,0.0625,0.0,671.4960327148438,550.91064453125,0,1
262549,24/04/26_MAU16_158,0.34375,1.0,47.62680435180664,122.20783233642578,3,6
7125,24/09/30_MEA230_9064,0.25,1.0,6.7314558029174805,126.01725769042969,2,4
90309,24/04/29_T7MMZ_8195,0.09375,0.0,184.5511474609375,185.71600341796875,0,2
261067,24/06/22_TAP935_5264,0.40625,1.0,20.948225021362305,98.45281219482422,4,7
210163,24/08/21_DLA9MT_378,0.1875,0.0,51.08877182006836,348.84332275390625,1,3
177862,24/04/04_RYR529N_6665,0.34375,1.0,38.14773941040039,102.3475112915039,3,6
239430,24/08/21_DLH12A_2181,0.40625,1.0,41.740455627441406,87.186767578125,4,7
87380,24/05/08_SAS4704_4991,0.3125,1.0,47.99544143676758,86.0233154296875,3,6
192670,24/10/16_AFR35PY_1292,0.21875,1.0,4.038873672485352,212.02674865722656,2,4
248720,24/09/30_BRX1P_5479,0.1875,0.0,51.95505905151367,201.20030212402344,1,3
187801,24/06/09_EJU38ZU_3676,0.3125,1.0,15.839527130126953,106.97686767578125,3,6
251801,24/05/13_RYR20CL_7013,0.375,0.0,53.58404541015625,109.14566040039062,3,7
257479,24/06/09_TVF39HB_1329,0.46875,1.0,37.79653549194336,84.36883544921875,4,8
345291,24/06/08_IBE34KP_545,0.125,0.0,133.90464782714844,230.01809692382812,1,2
162759,24/06/08_SWR7CH_5253,0.1875,1.0,40.59710693359375,212.89987182617188,1,3
118465,24/07/28_RYR2716_6696,0.0,0.0,465.5781555175781,595.1259765625,0,0
130316,24/05/09_DHK700P_2901,0.0625,0.0,363.8069763183594,698.0762939453125,0,1
365015,24/09/19_RYR97RU_8769,0.28125,0.0,98.67061614990234,91.48535919189453,2,5
175394,24/07/29_EWG71R_2076,0.0,0.0,343.87109375,460.3260192871094,0,0
282923,24/08/30_SDR25BG_9891,0.40625,1.0,30.29129409790039,80.98750305175781,4,7
442,24/05/08_KQA115_118,0.3125,1.0,15.051993370056152,119.39346313476562,3,6
157302,24/10/31_RYR2SE_3647,0.4375,1.0,27.001445770263672,72.825927734375,4,8
257241,24/09/10_RYR30GK_7208,0.3125,1.0,47.75016403198242,63.685020446777344,3,6
323116,24/11/22_OOLUX_3018,0.0,0.0,167.8077850341797,251.65216064453125,0,0
350946,24/05/10_AEA1515_795,0.21875,1.0,25.502758026123047,120.95683288574219,2,4
328851,24/08/16_EJU41YL_3932,0.03125,0.0,141.50088500976562,231.32675170898438,0,1
339182,24/06/09_EJU69AD_3691,0.4375,1.0,12.109526634216309,80.35215759277344,4,8
36064,24/01/30_SVA111_5180,0.4375,0.0,59.7590217590332,67.06626892089844,4,8
373844,24/08/13_WMT3BX_8572,0.3125,0.0,425.7853088378906,146.27365112304688,3,6
16222,24/07/29_DLA6KF_412,0.03125,0.0,105.00743865966797,346.871826171875,0,1
206978,24/07/24_RYR97VP_7995,0.03125,0.0,78.61479187011719,222.81991577148438,0,1
356290,24/08/21_KLM29R_5000,0.1875,0.0,99.00418090820312,132.66497802734375,1,3
349595,24/04/29_RYR12TA_7517,0.0,0.0,143.2534942626953,322.24835205078125,0,0
252311,24/09/18_T7AIG_9100,0.25,1.0,46.670387268066406,185.16339111328125,2,4
310900,24/09/21_EXS42U_3808,0.46875,1.0,35.00558090209961,52.93989944458008,4,8
137829,24/07/29_EZY8351_3611,0.34375,0.0,66.88236236572266,77.41375732421875,3,6
163606,24/06/09_EZY79MA_2738,0.25,1.0,43.433319091796875,97.14837646484375,2,4
203434,24/05/23_DLH25E_2305,0.0,0.0,202.30828857421875,362.7506103515625,0,0
241463,24/07/28_EWG425_5203,0.0,0.0,570.1934204101562,508.11090087890625,0,0
249674,24/03/30_DLH5PP_1063,0.21875,0.0,53.12838363647461,203.0969696044922,2,4
92271,24/07/12_DAH2071_244,0.25,1.0,34.08009719848633,129.10108947753906,2,4
364339,24/04/26_DLH1MH_1984,0.46875,1.0,32.295753479003906,81.91495513916016,4,8
273034,24/12/21_OCN31E_2046,0.09375,0.0,134.05316162109375,224.57325744628906,0,2
136766,24/08/16_AEA64LH_588,0.21875,1.0,39.21833801269531,129.18890380859375,2,4
98823,24/07/12_NJE794U_4955,0.0625,0.0,253.55772399902344,167.62582397460938,0,1
390586,24/08/16_EJU78XU_4020,0.15625,0.0,53.404266357421875,197.09925842285156,1,2
257937,24/04/08_RYR69EW_6632,0.25,0.0,54.30124282836914,149.8514404296875,2,4
37510,24/12/21_ITY217_6278,0.25,0.0,82.76963806152344,102.11744689941406,2,4
19058,24/09/10_EZS12WD_5640,0.25,1.0,23.307723999023438,158.5780792236328,2,4
812,24/09/10_BAW6NL_3358,0.0,0.0,152.92547607421875,449.0157775878906,0,0
249916,24/06/18_ENT59XZ_5335,0.3125,1.0,18.235010147094727,120.33843994140625,3,6
217598,24/10/18_JME514K_6542,0.0625,0.0,960.7945556640625,864.9044189453125,0,1
146226,24/06/19_JAF4PM_4770,0.5,1.0,5.220153331756592,63.35483169555664,5,8
346492,24/06/08_EJU38PC_3544,0.0,0.0,153.42552185058594,284.34466552734375,0,0
226605,24/01/09_DLH11Y_971,0.3125,0.0,55.344940185546875,120.57345581054688,3,6
18109,24/06/10_DLH33C_2520,0.0,1.0,40.117210388183594,227.28086853027344,0,0
103223,24/01/27_RYR98AP_5466,0.46875,1.0,34.44855880737305,127.63496398925781,4,8
267367,24/12/20_ITY350_6175,0.28125,1.0,16.035118103027344,94.44830322265625,2,5
229032,24/06/08_AUA44X_3704,0.34375,1.0,24.52039909362793,116.37759399414062,3,6
343210,24/05/23_DLH1322_2299,0.03125,0.0,94.33856964111328,213.88856506347656,0,1
138873,24/08/19_NJE421E_5378,0.21875,1.0,12.06492805480957,101.82174682617188,2,4
303901,24/06/19_ABR8XP_7935,0.0,0.0,142.30979919433594,260.1119689941406,0,0
40598,24/10/31_DLH09P_1759,0.21875,0.0,429.14892578125,144.5906982421875,2,4
320265,24/04/26_BCS6359_1512,0.28125,1.0,12.206555366516113,111.47630310058594,2,5
1645,24/07/28_HUE12F_5430,0.25,1.0,26.9560546875,145.0321044921875,2,4
304095,24/05/27_RYR2TC_8200,0.125,1.0,25.946535110473633,147.01986694335938,1,2
218393,24/05/20_RYR8VV_1907,0.21875,0.0,151.89990234375,165.53408813476562,2,4
193248,24/08/29_THY4ZV_7499,0.25,1.0,13.094011306762695,206.95864868164062,2,4
17443,24/02/14_CSZ9065_5687,0.3125,0.0,54.62156677246094,138.51675415039062,3,6
331936,24/04/26_RYR23HU_8108,0.125,0.0,52.201534271240234,160.04559326171875,1,2
157240,24/07/10_WMT1B_8851,0.09375,1.0,27.51817512512207,159.69825744628906,0,2
365093,24/05/23_RYR2370_4899,0.09375,0.0,87.31453704833984,261.4169921875,0,2
374745,24/07/24_AEA32KC_657,0.09375,0.0,110.56424713134766,213.87933349609375,0,2
156889,24/04/29_OCN3FY_2023,0.0,0.0,137.39654541015625,197.26329040527344,0,0
38162,24/08/08_TAP120N_5698,0.4375,0.0,200.48004150390625,101.37985229492188,4,8
157113,24/05/08_SWR2EY_5302,0.0625,0.0,129.51158142089844,305.9029541015625,0,1
28580,24/09/13_RYR9CX_8126,0.625,1.0,13.647343635559082,60.623680114746094,6,8
32059,24/12/17_RYR4QG_4510,0.4375,1.0,16.917192459106445,83.77580261230469,4,8
334626,24/01/07_BEL3WD_2666,0.25,0.0,68.1799087524414,125.36212921142578,2,4
216423,24/05/08_DCVFA_2387,0.25,0.0,162.4578857421875,96.3945541381836,2,4
366344,24/12/11_EJU42BP_2930,0.15625,0.0,173.2637481689453,151.38821411132812,1,2
229898,24/09/19_HB4999_6777,0.0,0.0,173.76133728027344,1258.090087890625,0,0
390463,24/03/31_DLH272_1331,0.0,0.0,171.74513244628906,361.79107666015625,0,0
178721,24/06/22_THY6335_6541,0.25,0.0,413.2124328613281,121.14912414550781,2,4
240204,24/06/18_BAW551_3217,0.5,1.0,7.288690090179443,62.55669403076172,5,8
152226,24/09/13_CTN27H_9131,0.0,0.0,194.47637939453125,1169.48291015625,0,0
297497,24/05/13_TAP934_5140,0.15625,0.0,51.00811767578125,173.17172241210938,1,2
96980,24/09/23_EWG5UV_8353,0.3125,0.0,75.33964538574219,106.80821990966797,3,6
57039,24/05/08_EZY16FM_2930,0.34375,0.0,77.10382843017578,149.11245727539062,3,6
237891,24/04/04_SWR7HM_4980,0.21875,1.0,36.919677734375,84.11067962646484,2,4
149625,24/08/19_RJA261G_9411,0.46875,0.0,73.12799072265625,69.81800079345703,4,8
203785,24/10/16_AEE1SC_4159,0.09375,0.0,245.33309936523438,191.07493591308594,0,2
249636,24/01/30_BCS8CW_498,0.34375,1.0,20.80414581298828,139.89816284179688,3,6
196980,24/05/23_DLA7CJ_260,0.25,1.0,10.398317337036133,116.00806427001953,2,4
331896,24/04/26_VLG5AH_579,0.28125,1.0,10.875,138.81533813476562,2,5
103888,24/09/13_AFR78ST_1671,0.3125,1.0,25.05618667602539,109.41870880126953,3,6
243945,24/07/10_KLM40U_4980,0.21875,0.0,100.40418243408203,100.51666259765625,2,4
393379,24/06/30_EZY78FY_2916,0.09375,0.0,71.86369323730469,164.173095703125,0,2
221593,24/09/18_CES710_9481,0.15625,1.0,33.005916595458984,134.45086669921875,1,2
347190,24/10/16_TUI592_1533,0.15625,0.0,151.57058715820312,109.71012878417969,1,2
114839,24/05/27_RYR442K_8157,0.375,1.0,47.45079803466797,214.71664428710938,3,7
152321,24/06/18_FHM6503_8548,0.0,0.0,1368.4007568359375,1105.024658203125,0,0
391056,24/08/08_VLG5YD_655,0.15625,0.0,1450.8349609375,185.6560821533203,1,2
104876,24/09/05_EZS86CQ_6124,0.25,0.0,50.971805572509766,150.84152221679688,2,4
229874,24/06/09_IBE34KP_486,0.375,0.0,100.60317993164062,145.06556701660156,3,7
202686,24/08/29_VOE90YF_969,0.0,0.0,100.51313781738281,222.06988525390625,0,0
365527,24/06/08_SAS4701_4941,0.0,0.0,128.75006103515625,252.89385986328125,0,0
395609,24/09/23_N588AT_9241,0.21875,1.0,41.657081604003906,207.2586669921875,2,4
362901,24/06/09_SWR730Q_5790,0.0625,0.0,58.6909294128418,301.4931945800781,0,1
241276,24/04/29_SWR7HM_5202,0.03125,0.0,209.1928253173828,339.83148193359375,0,1
22739,24/05/27_CCM67ME_1604,0.1875,0.0,59.35065460205078,150.46484375,1,3
306360,24/09/13_TVF38EU_1191,0.15625,1.0,43.627864837646484,222.97496032714844,1,2
228924,24/02/04_SWR7DP_3817,0.28125,0.0,52.75092697143555,83.0057144165039,2,5
126025,24/11/25_SRR6374_3061,0.0,0.0,774.6544799804688,763.9896240234375,0,0
13373,24/11/25_SWR2HY_3856,0.03125,0.0,93.39139556884766,159.1105194091797,0,1
63998,24/06/22_TVF7457_1456,0.125,1.0,48.974483489990234,177.61544799804688,1,2
103351,24/09/05_EJU13XC_3979,0.03125,0.0,761.3754272460938,434.4938049316406,0,1
143971,24/08/16_VOE92HK_824,0.09375,0.0,70.28338623046875,300.44903564453125,0,2
44823,24/01/07_RYR51MP_3096,0.25,1.0,10.594810485839844,103.20887756347656,2,4
99678,24/04/29_MBU6412_8376,0.25,1.0,15.722694396972656,125.84524536132812,2,4
123814,24/08/30_LGL6724_8614,0.0,0.0,180.90402221679688,260.952392578125,0,0
82527,24/12/11_MABEU_2530,0.0,0.0,304.7314758300781,520.705810546875,0,0
136245,24/09/19_NUM701_6199,0.03125,0.0,238.72830200195312,246.88665771484375,0,1
29062,24/04/04_EWG30BM_7504,0.03125,0.0,135.42947387695312,211.6593780517578,0,1
173680,24/05/27_EWG71R_8971,0.28125,1.0,49.140899658203125,96.76048278808594,2,5
69312,24/10/20_DFULI_4323,0.0,0.0,408.23583984375,549.9592895507812,0,0
16460,24/05/08_SWR9AM_5259,0.28125,0.0,103.71512603759766,196.4197998046875,2,5
349852,24/07/28_JAF62H_4363,0.46875,1.0,12.369317054748535,75.17350769042969,4,8
55539,24/09/21_BCS8030_1891,0.0,0.0,151.8189697265625,255.74061584472656,0,0
394538,24/09/18_ITY358_7546,0.375,0.0,59.75052261352539,85.87843322753906,3,7
256895,24/09/30_TOM676F_3463,0.1875,1.0,39.18166732788086,149.86488342285156,1,3
164461,24/12/20_DILUI_2514,0.21875,1.0,19.661590576171875,146.07843017578125,2,4
222493,24/03/06_RYR5BF_3852,0.46875,1.0,31.06947898864746,66.64129638671875,4,8
265739,24/12/21_BCS372_2111,0.03125,0.0,125.98716735839844,196.49453735351562,0,1
312767,24/07/12_RYR2743_4835,0.125,0.0,181.70941162109375,205.07565307617188,1,2
116234,24/10/24_EFW59V_3102,0.28125,1.0,43.0495719909668,156.453125,2,5
381901,24/12/11_RYR9Q_3494,0.3125,1.0,8.082581520080566,117.63978576660156,3,6
290474,24/01/09_SWR85D_2328,0.25,0.0,342.11474609375,212.01715087890625,2,4
178351,24/09/23_CFG2HD_2024,0.03125,0.0,400.5449523925781,579.861572265625,0,1
101249,24/01/07_TSM605_5626,0.0,0.0,502.9364929199219,1605.122802734375,0,0
326805,24/09/05_ITY316_7537,0.375,1.0,49.52903366088867,77.00143432617188,3,7
53777,24/09/23_AFR88PP_1596,0.03125,0.0,120.01282501220703,212.65176391601562,0,1
81577,24/06/24_DLH55U_2637,0.40625,0.0,146.8066864013672,73.90911102294922,4,7
276931,24/01/27_RYR9SY_4945,0.25,0.0,67.27566528320312,106.70215606689453,2,4
399387,24/06/08_RYR2791_6277,0.28125,1.0,31.542877197265625,97.36796569824219,2,5
252278,24/05/09_EWG9AX_5151,0.3125,1.0,34.32382583618164,155.54229736328125,3,6
291450,24/10/31_VJH236_1988,0.28125,0.0,72.90147399902344,153.22698974609375,2,5
135351,24/06/06_KMM3117_8156,0.03125,0.0,671.660888671875,759.1864624023438,0,1
34436,24/02/17_RYR27HQ_5942,0.375,1.0,44.72135925292969,115.01417541503906,3,7
236875,24/07/24_DHK4982_3218,0.09375,0.0,170.60008239746094,227.05650329589844,0,2
202040,24/02/16_RYR63FX_5391,0.25,1.0,22.53469467163086,99.38494110107422,2,4
252628,24/06/08_DLH2259_1809,0.34375,1.0,41.1591796875,130.5316162109375,3,6
143621,24/09/19_BTI6FU_9364,0.34375,0.0,111.91123962402344,89.0299072265625,3,6
261815,24/08/19_CFG4TW_2069,0.375,1.0,45.89951705932617,106.88465881347656,3,7
113965,24/08/08_NSZ3659_5224,0.0,0.0,337.723388671875,556.293701171875,0,0
184223,24/05/10_ITY165_6975,0.3125,0.0,92.73416137695312,146.0130157470703,3,6
232022,24/06/09_LGL6495_7202,0.4375,0.0,126.43798065185547,80.57366943359375,4,8
328527,24/09/23_ITY3OL_7058,0.28125,0.0,133.75146484375,203.14306640625,2,5
147896,24/08/29_BTI28P_9715,0.0,1.0,17.293874740600586,219.5152130126953,0,0
246369,24/07/10_RYR5854_8542,0.40625,0.0,77.3778305053711,110.04708862304688,4,7
211665,24/10/20_DLH1835_3641,0.0,0.0,424.027587890625,324.67059326171875,0,0
118202,24/07/12_TVF16YK_1392,0.375,1.0,36.6795654296875,118.77934265136719,3,7
51190,24/09/19_DLH55A_2221,0.0,0.0,819.5264282226562,362.6128234863281,0,0
142987,24/04/08_NSZ5420_4298,0.0,0.0,152.45352172851562,265.6346435546875,0,0
350322,24/06/08_RYR206R_7550,0.25,1.0,24.47351837158203,126.00765991210938,2,4
19083,24/02/04_RYR70NB_5317,0.28125,1.0,9.956153869628906,96.92449188232422,2,5
138637,24/06/08_VOE90YF_761,0.5,0.0,53.863399505615234,66.31309509277344,5,8
294118,24/08/23_RYR8042_8044,0.21875,0.0,100.14403533935547,122.39631652832031,2,4
101084,24/02/16_SWR3CG_3713,0.0,0.0,427.5122985839844,610.092041015625,0,0
331732,24/07/10_IBE32MZ_843,0.34375,1.0,18.580904006958008,107.69834899902344,3,6
337038,24/05/05_CES710A_8459,0.0,0.0,931.504638671875,1204.647216796875,0,0
215339,24/12/11_AFR814_1186,0.09375,0.0,208.143310546875,467.74346923828125,0,2
312542,24/08/19_EWG4BB_8780,0.0,0.0,210.58596801757812,423.12457275390625,0,0
196101,24/05/27_EJU89KF_4045,0.03125,0.0,145.658203125,212.57354736328125,0,1
5799,24/04/29_EFD3T_2421,0.0,0.0,235.30897521972656,392.692626953125,0,0
48472,24/05/13_SWR200H_5715,0.0,0.0,148.86891174316406,286.214111328125,0,0
95179,24/02/08_TVF58VT_951,0.09375,0.0,166.83224487304688,182.12921142578125,0,2
130806,24/04/08_TVF78GU_885,0.1875,0.0,108.37723541259766,186.66262817382812,1,3
49524,24/05/08_FGPLK_889,0.21875,0.0,257.1695861816406,251.33111572265625,2,4
260253,24/02/12_PGT632X_4336,0.21875,0.0,64.09185028076172,131.17237854003906,2,4
60100,24/07/24_VLG8430_718,0.15625,1.0,7.786205768585205,134.01776123046875,1,2
287518,24/12/21_EJU84WF_3405,0.0,0.0,301.4607238769531,398.159912109375,0,0
20696,24/12/21_EWG73P_1734,0.125,0.0,185.4713592529297,133.86727905273438,1,2
126992,24/05/23_RJA117_8686,0.375,1.0,4.125,96.17401123046875,3,7
357059,24/06/30_WIF2P_4808,0.5625,1.0,7.8948163986206055,59.018009185791016,5,8
129105,24/08/16_LGL86N_8111,0.25,1.0,41.43009948730469,173.47177124023438,2,4
125722,24/09/19_NSZ5610_5110,0.0625,0.0,112.14813232421875,169.13519287109375,0,1
181222,24/08/23_EXS83YF_3524,0.21875,0.0,80.6152114868164,140.60113525390625,2,4
239597,24/04/26_DLH511_1575,0.21875,0.0,546.3579711914062,332.1131591796875,2,4
366893,24/08/16_EZY28GB_3306,0.0,0.0,104.54216003417969,246.85177612304688,0,0
204504,24/09/21_DLH93P_2428,0.1875,0.0,104.65718078613281,179.07882690429688,1,3
368806,24/05/31_GSW2620_4881,0.25,0.0,102.55310821533203,241.78285217285156,2,4
116899,24/10/20_FDX4213_2036,0.34375,1.0,2.907425880432129,86.66899108886719,3,6
14021,24/09/13_CSZ865_9473,0.3125,1.0,13.271209716796875,153.67251586914062,3,6
84901,24/04/29_EWG4NK_1631,0.0,0.0,843.7500610351562,1202.9853515625,0,0
2670,24/05/31_EZY53ZE_3231,0.59375,1.0,8.558621406555176,60.53318786621094,5,8
168224,24/08/23_EWG68ET_9638,0.0,0.0,428.691162109375,625.9376831054688,0,0
217055,24/06/19_THY4QR_7304,0.28125,1.0,8.754463195800781,135.60227966308594,2,5
156653,24/09/05_VOE2572_614,0.25,1.0,32.567237854003906,113.28565979003906,2,4
55975,24/06/24_MLWCW_4105,0.4375,1.0,3.4482786655426025,75.04275512695312,4,8
224363,24/07/10_TOM6KX_3609,0.5,1.0,16.958127975463867,54.5423698425293,5,8
5097,24/09/18_BAW28VL_3341,0.375,1.0,13.105938911437988,108.02828979492188,3,7
80095,24/07/24_CTN475_9612,0.1875,0.0,285.598388671875,212.1583251953125,1,3
36339,24/03/30_EFW4TM_2157,0.1875,0.0,114.55000305175781,129.04214477539062,1,3
133298,24/08/23_EXS93PK_9932,0.3125,0.0,58.73257827758789,123.71955108642578,3,6
372400,24/09/30_AFR52TA_1054,0.625,1.0,49.10845947265625,56.3526611328125,6,8
58767,24/12/24_EZY69CR_1565,0.4375,1.0,18.82028579711914,67.77711486816406,4,8
98284,24/01/07_AEA1515_473,0.3125,0.0,55.30949783325195,152.60374450683594,3,6
2880,24/02/12_DFNGX_1749,0.15625,0.0,55.19623947143555,148.49850463867188,1,2
120112,24/09/10_HRN125_842,0.0,0.0,94.4756088256836,186.54441833496094,0,0
313400,24/02/16_NOS530_4967,0.0,0.0,519.4047241210938,924.7800903320312,0,0
394324,24/07/10_DLA8AE_302,0.34375,1.0,38.26306915283203,100.32196044921875,3,6
98865,24/06/24_KLM1624_5273,0.0,0.0,1922.3690185546875,1004.4923095703125,0,0
122566,24/06/22_AFR18NB_1231,0.0625,0.0,274.831298828125,460.1875915527344,0,1
59762,24/06/18_EWG1TK_2030,0.375,1.0,46.888832092285156,84.4721450805664,3,7
303165,24/05/23_EWG52VU_1799,0.03125,0.0,75.17781066894531,274.23101806640625,0,1
359953,24/09/10_BEL1YC_4538,0.375,1.0,30.647186279296875,86.58073425292969,3,7
240267,24/11/22_AFR17RC_1056,0.28125,0.0,179.06236267089844,93.90846252441406,2,5
164665,24/09/18_TVF71AW_1499,0.03125,0.0,401.0803527832031,309.4241943359375,0,1
260555,24/11/21_NSZ3YT_2990,0.4375,0.0,88.7524642944336,81.13667297363281,4,8
366836,24/09/19_AFR44EU_1023,0.1875,0.0,516.3683471679688,185.0205078125,1,3
64414,24/08/23_OCN7QH_2549,0.0,0.0,416.0251159667969,852.4347534179688,0,0
228421,24/03/30_JAF1DE_2958,0.0,0.0,440.3949890136719,644.7534790039062,0,0
209596,24/06/22_BAW48CU_4464,0.1875,0.0,182.7543182373047,169.18597412109375,1,3
128911,24/11/21_RYR12LL_4573,0.40625,1.0,17.199199676513672,84.95645141601562,4,7
248265,24/01/30_AMC117_4995,0.40625,1.0,48.84130096435547,90.59666442871094,4,7
86201,24/07/24_FPO2JU_1506,0.1875,0.0,128.50218200683594,220.67843627929688,1,3
52908,24/10/24_WZZ6JQ_4387,0.1875,1.0,14.773815155029297,128.3262939453125,1,3
331170,24/12/17_GAC360W_2491,0.3125,1.0,33.550567626953125,127.94850158691406,3,6
163526,24/07/12_EWG3590_7438,0.0,0.0,96.70549774169922,267.4283447265625,0,0
46738,24/05/31_EWG64B_1952,0.46875,1.0,20.68362808227539,152.63824462890625,4,8
340120,24/06/30_ASL89E_6940,0.25,1.0,26.518861770629883,143.25704956054688,2,4
264563,24/04/04_SWR1951_4749,0.03125,0.0,291.2063293457031,291.35150146484375,0,1
395865,24/10/16_RYR83AW_6498,0.34375,1.0,18.022554397583008,81.17996215820312,3,6
336069,24/06/09_BEL8KU_4160,0.0,0.0,180.59970092773438,715.9620361328125,0,0
373790,24/10/10_AFR52MQ_955,0.15625,0.0,212.828125,138.35008239746094,1,2
280461,24/02/16_DLA3MA_251,0.28125,1.0,41.102195739746094,138.47796630859375,2,5
110111,24/07/10_EZY63GL_3336,0.375,0.0,104.21432495117188,93.51492309570312,3,7
